上一级mid,微博mid,作者uid,t,reposts_count,attitudes_count,comments_count,text,followers_count,statuses_count,friends_count,username,user_description,gender,province,city,verified,verified_reason,verified_type,user_location
,3962660036941700,2049389352,1460255237,492,921,204,#武汉马拉松#这个即视感……[哈哈],3193558,51876,2593,新浪湖北,微观世界，博览荆楚！关于湖北的大事、小事、贴心事、烦心事，欢迎您第一时间私信或者@我们！,f,42,1,1,新浪湖北官方微博,3,湖北 武汉
3962660036941700,3962660171275940,1866243401,1460255270,0,0,0,转发微博,236,28282,234,白玖夜歌,爱一个不爱你的人，就像在机场等一艘船。,f,42,1,,,220,湖北 武汉
3962660036941700,3962660242378460,1965261072,1460255287,0,0,0,被“汉??”刷屏了,373,2417,258,Summer养乐多,Don't confuse my personality with my attitude. My personality is who I am. My attitude depends on who you are.,m,42,9,,,220,湖北 孝感
3962660036941700,3962660280160170,5322075389,1460255296,0,0,0,图2??[馋嘴][馋嘴][馋嘴],752,9025,207,郑萌萌很任性,自娱自乐！！！！??,f,42,1000,,,-1,湖北
3962660036941700,3962660334531290,2881318521,1460255309,0,0,0,小编是吃货，鉴定完毕。,163,499,264,龚钦888,,m,100,1000,,,-1,其他
3962660036941700,3962660410090910,3229310357,1460255327,0,0,0,[笑cry][笑cry][笑cry],57,1114,174,Odianee,,f,42,1,,,-1,湖北 武汉
3962660036941700,3962660598932850,5225492184,1460255372,0,0,0,Dl微博,73,203,424,没有你的G-Dragon,hello 大家好、希望在这个全新的微博上能认识更多热爱生活的朋友 、 也感谢曾经伤害过我的人是你们让我成长 ～,m,42,1,,,-1,湖北 武汉
3962660036941700,3962660636713710,2133539874,1460255381,0,0,0,原来衣服颜色是这样选的,266,5631,285,糖糖Stephan1e,快乐总是短暂的。合久必分，分久必合。,f,42,1,,,-1,湖北 武汉
3962660036941700,3962660674493010,3034985015,1460255390,0,0,5,小龙虾[哈哈],180,1642,414,爱吃鱼的女子,女，单身，吃货＋睡神，喜欢旅行；神经大条，偶尔有点蛇精病,f,42,1,,,-1,湖北 武汉
3962660036941700,3962660729538990,1924842983,1460255403,4,7,2,别闹！要麻辣还是清蒸？[doge],97611,38359,509,湖北经视官方微博,湖北经视是湖北最具影响力的地面电视媒体，在武汉市所有能收看的电视频道中（含央视、各省级卫视）连续13年收视率排名第一。,m,42,1,1,湖北广播电视总台电视经视频道官方微博,3,湖北 武汉
3962660036941700,3962660754486340,2436106564,1460255408,1,0,0,[笑cry][笑cry][笑cry]@史蒂文Z @waterlue,241,2163,701,多拉A梦Dan_No_more_nonsense,,f,42,1,,,-1,湖北 武汉
3962660036941700,3962660775734990,1797042814,1460255414,0,0,0,哈哈哈哈,626,6162,997,abengbaqiongqionglaga,麦兜说：心情不好的时候，那就上厕所，上完之后，面部狰狞的对着马桶说：“你给我吃屎吧你！”然后猛冲厕所！,f,42,1,1,中国移动通信集团湖北有限公司客户服务中心 职员,0,湖北 武汉
3962660036941700,3962660788084790,1710712077,1460255417,0,0,0,@yoshiko_芳,252,5898,437,芩己,修身五年.九重天外又九天，仙佛还在轮回间。 富贫成败皆天数，万物生死皆自然。 じ☆ひ♂杰,m,42,1,1,易家街舵落口社区居委会房屋专干,0,湖北 武汉
3962660036941700,3962660917737490,1841009307,1460255448,1,0,1,哈哈,333,15895,300,章鱼吃丸子,像个孩子般傻笑，做一枚合格的哈哈党～,f,42,1,,,220,湖北 武汉
3962660729538990,3962661123031250,5038004043,1460255497,0,0,0,,44,724,94,看天上有大飞机,如果你的心是乱的，你看这个世界也就乱了,m,42,1,,,-1,湖北 武汉
3962660036941700,3962661211594040,2247450103,1460255518,3,0,2,是清蒸还是油焖？,3236,4612,372,湖北足球网,湖北足球网由湖北省体育局、湖北省足球运动管理中心、湖北省足球协会主办，网站以湖北足球，武汉卓尔职业足球俱乐部为主，提供包括最新的新闻资讯、赛事评论、前瞻分析、球队数据等服务，做湖北武汉地区最好的足球类综合性网站。,m,42,1,1,湖北足球网(www.hubeifc.com)官方微博,5,湖北 武汉
3962661211594040,3962661290399410,5318335717,1460255537,0,0,0,233333,388,7515,897,小虫爱卓尔爱曼联,我是之前的那个“小虫爱汉军爱曼联”，因为发了两张HK的不和谐照片，被新浪封号了，这是我的新号，求朋友们加这个吧,m,42,1,,,-1,湖北 武汉
3962660036941700,3962661425463860,2240219767,1460255569,0,0,0,转发微博,256,2891,652,慧婕子,我是不是比较爱喜新厌旧 ？_2比神经病,f,42,3,,,-1,湖北 十堰
3962660036941700,3962661454548140,1597182385,1460255575,0,0,0,哈哈哈[笑cry][笑cry][笑cry],74,864,73,张宗去哪,"YN,MH",m,42,13,,,-1,湖北 随州
3962660036941700,3962661630490410,2834185892,1460255617,0,0,0,[笑cry][笑cry][笑cry],140,576,114,浅tan轻chang,做好自己,m,42,1,,,-1,湖北 武汉
3962660036941700,3962661672477220,1787433323,1460255628,89,117,34,要麻辣还是清蒸？[doge],667163,23617,1874,武汉同城会,武汉同城会官方微博，关于武汉，都可以圈我。报料、求助、合作请私信。仅此一个平台，不对任何微信帐号负责。,m,42,1,1,武汉同城会官方微博,3,湖北 武汉
3962660036941700,3962661689691750,1317352437,1460255632,0,0,0,很像啊[阴险],1229,11949,1218,千年不醒的梦,相逢一笑 梦忆千年,f,31,15,,,220,上海 浦东新区
3962660036941700,3962661731672440,2241188691,1460255642,8,19,1,写实[doge][doge],17835,4349,720,武汉大学微博协会,武汉大学微博协会官方微博。合作、加入我们请私信本微博，分享武大新鲜事，欢迎校内外各机构、社团、讲座与我们合作。,f,42,1,1,武汉大学微博协会官方微博,1,湖北 武汉
3962660729538990,3962661756863980,2544305214,1460255648,0,0,0,[笑cry][笑cry][笑cry],132,5705,175,zoe-maomao,just for jsy..maomao&maomaos,f,42,1,,,-1,湖北 武汉
3962661211594040,3962661777855510,1644334623,1460255653,0,0,0,[doge],144,2937,323,[熬{糊,,m,42,1,,,-1,湖北 武汉
3962660036941700,3962661790448030,2079543464,1460255655,0,0,0,??????,159,1145,205,一不小心就圆滚了,做自己,f,42,1000,,,-1,湖北
3962660036941700,3962661820054460,1971165013,1460255662,1,1,0,小龙虾,75,486,72,shiny俊雄,,m,42,1,,,-1,湖北 武汉
3962661672477220,3962661836338550,2180160657,1460255666,1,0,0,麻辣小龙虾,4105,452,236,张凸凸哦,让时间说真话 其实我也害怕,f,42,1,,,220,湖北 武汉
3962661672477220,3962661861530060,2705784355,1460255673,0,0,0,必须油焖的啊??,3435,758,196,engineHu,认真的人最性感！,f,100,1000,,,220,其他
3962660729538990,3962661978820920,2194936462,1460255701,0,0,0,,370,1156,269,媚惑g0,如果坦白是一种伤害，我选择谎言。?,f,42,1,,,220,湖北 武汉
3962660729538990,3962661995896710,3240803732,1460255705,0,0,0,,174,2823,268,回心艺,已过四年，八年之约。只愿武艺一生安好。,f,42,1,,,-1,湖北 武汉
3962660036941700,3962662012411580,1703520892,1460255708,0,0,0,终于从番茄炒蛋升级成全荤的小龙虾了～,942,48045,639,一只耷拉眼,不认得字，没读过书，瞎看,f,36,1,,,-1,江西 南昌
3962660036941700,3962662024901320,1879778060,1460255712,28,53,6,[哈哈][哈哈][哈哈]一大早就开始直播现在好饿~~~[色],1355256,85248,1218,武汉晚报,武汉地区订阅量、零售量双料第一。24小时新闻热线027-82333333,f,42,1,1,武汉晚报官方微博,3,湖北 武汉
3962661672477220,3962662037234350,1971427603,1460255715,0,0,0,,707,1143,377,J1angCh3n,有些人，一旦遇见，便一眼万年；有些心动，一旦开始，便覆水难收。,f,42,1,,,220,湖北 武汉
3962661672477220,3962662054398150,3019855341,1460255719,0,0,1,[笑cry][笑cry][笑cry][笑cry],168,16586,507,柒_小年,爱睡觉 喜吐槽 文字控 小清新 杰迷,f,42,1,,,-1,湖北 武汉
3962661672477220,3962662109264860,1664388564,1460255732,0,0,0,,333,3089,406,我是文化的文,,m,42,1,,,220,湖北 武汉
3962660036941700,3962662126279820,2020591295,1460255736,0,0,0,现在各大官微的小编也是蛮放得开的…,146,966,779,FreeKr-X,平淡日子里寻找生活的刺,m,11,5,,,220,北京 朝阳区
3962660036941700,3962662138360210,5600318071,1460255739,0,0,0,[笑cry][笑cry],642,661,403,宜昌奥莱邹勇医生,,m,42,1,1,宜昌市西陵区奥莱美容诊所 医师,0,湖北 武汉
3962661672477220,3962662150954290,2651075621,1460255741,0,0,0,油焖比较好,126,1108,80,糠Q真的是件很麻┑氖履,是你路过我的倾城时光。。。,f,42,1,,,-1,湖北 武汉
3962660036941700,3962662155446300,1721297894,1460255743,1,4,2,可以可以可以??,2705,48991,277,#NAME?,The best years of mine were all about you.,f,42,1,,,220,湖北 武汉
3962662024901320,3962662197647600,2009180677,1460255752,0,0,1,,1018,7079,1157,BOU妞妞,吃饭，睡觉，喂豆豆：）,f,42,1,,,220,湖北 武汉
3962660036941700,3962662218375000,2720469473,1460255757,0,0,0,[馋嘴][笑cry],381,10191,795,爱雯雯06,下辈子要做一颗牙齿，自己不开心的时候有人疼。[哈哈],m,42,1,,,-1,湖北 武汉
3962661672477220,3962662247257260,1905576484,1460255765,0,0,1,哈哈哈,973,6758,401,我就是吴小敏,一项一项来,f,42,1,,,220,湖北 武汉
3962660036941700,3962662319131130,2156887757,1460255782,0,0,0,转发微博,470,13866,1922,冥土噬魂,平心静气，赏识教育,m,400,1,,,220,海外 美国
3962660036941700,3962662368639820,1996804403,1460255794,0,0,0,[笑cry][哈哈],564,10834,407,-wh,,f,42,1,,,-1,湖北 武汉
3962660036941700,3962662385430570,1765301655,1460255798,0,0,0,哈哈哈哈哈哈哈,2610,45108,775,水帘洞里的泽沐汐,没什么可说,f,21,2,,,220,辽宁 大连
3962661672477220,3962662431963480,3639164217,1460255809,0,1,0,蜜汁喜感,50,119,240,水墨清寒2013,,f,11,8,,,-1,北京 海淀区
3962660036941700,3962662461863260,3042587165,1460255815,0,0,0,哈哈哈,116,615,285,温暖霸气的姑娘,有啥好介绍的,f,32,1,,,-1,江苏 南京
3962661672477220,3962662507783000,1974253865,1460255827,0,0,0,,1505,128,279,Sangmong_,男人哭吧不是罪,m,42,1,,,220,湖北 武汉
3962660036941700,3962662574733500,3543264641,1460255843,0,0,0,生动形象[害羞][害羞][害羞],307,805,188,武汉生物工程学院艺术团,舞蹈和音乐，热情和坚持，常伴你我！电话联系15827087099,f,42,1,1,武汉生物工程学院艺术团官方微博,4,湖北 武汉
3962662024901320,3962662620912340,1900513735,1460255854,0,0,0,[色][色][色],760,5728,1131,不要讨厌天蝎妈咪,不忧不惧不抱怨不解释不随波逐流,f,400,7,,,220,海外 澳大利亚
3962660036941700,3962662624466600,1397914577,1460255855,1,0,1,哈哈哈,738,1836,550,猪小西_西,快乐无限大，梦无价,f,42,1,,,220,湖北 武汉
3962660036941700,3962662653856010,1869896520,1460255862,3,1,1,哈哈哈哈哈哈哈哈,833,4542,652,MlleZhan,下辈子做个咖啡壶吧。,f,400,3,,,220,海外 法国
3962662155446300,3962662658413140,3094707357,1460255863,0,0,0,可以的??,885,8894,697,star_靖怡,不是我执着 而是你值得,f,42,1,,,-1,湖北 武汉
3962660036941700,3962662691998170,2037408800,1460255871,0,0,0,转发微博,63,17354,379,UnTILIwin丶,不去期望。。。,m,42,1,,,220,湖北 武汉
3962660036941700,3962662704108580,5737316249,1460255875,1,1,0,哈哈哈哈哈哈[哈哈][哈哈],57,119,81,皇家理工15级船海学硕班,一个微博账号,m,42,1,,,-1,湖北 武汉
3962661672477220,3962662754448260,3814375107,1460255887,0,0,0,哈哈哈哈,229,1276,200,怎么想都太难,精分girl。关注要谨慎。,f,100,1000,,,-1,其他
3962660036941700,3962662784598060,3273805482,1460255893,0,0,0,[哈哈][哈哈][笑cry][笑cry][爱你],89,143,392,时光呆好,你想要最终都回给予你。,f,11,5,,,-1,北京 朝阳区
3962662024901320,3962662838673930,5638971872,1460255906,0,0,0,,23,161,260,哭鼻子的猫_52818,,f,42,1,,,-1,湖北 武汉
3962662653856010,3962662863866670,2182874812,1460255912,2,0,1,,209,6773,262,wei1kuan,そのままでいい,m,42,1,,,-1,湖北 武汉
3962661672477220,3962663061427300,2361450187,1460255958,0,0,0,哈哈哈哈,907,10310,774,丶______________H,我不能再对眼前发生的一切继续熟视无睹了…,m,42,1,,,-1,湖北 武汉
3962660036941700,3962663077639700,5091306979,1460255963,0,0,0,红红火火恍恍惚惚,304,3906,468,星河燎源,抬头就有一片星光,m,100,1000,,,-1,其他
3962660036941700,3962663085590560,1990996947,1460255966,0,0,0,转发微博,153,1834,72,黛西侬,,f,42,1,,,-1,湖北 武汉
3962660036941700,3962663119362410,2009944197,1460255973,0,0,0,??????,850,13034,463,喜欢小兔子的瑞瑞,马年行大运～,f,42,1,,,220,湖北 武汉
3962660036941700,3962663149084260,2560299651,1460255980,0,0,0,没谁了,209,1752,48,卖小矮人的白雪公主,自己选择的路 跪着也要走下去,f,42,1,,,200,湖北 武汉
3962661731672440,3962663211728090,1630892004,1460255995,0,0,0,[笑cry],687,17394,934,Sophia_严重强迫症患者,,f,42,1,,,220,湖北 武汉
3962660036941700,3962663229355860,1772710620,1460255998,0,0,1,哈哈哈哈,458,2458,271,yo憨人万金尤,keep happy,f,45,1,,,-1,广西 南宁
3962661672477220,3962663283462490,2369359672,1460256012,0,1,0,哈哈哈哈,337,3496,304,王唯尔,一人一天涯，无处不我家，撩作轻狂梦，不为寻常花...,m,44,3,,,220,广东 深圳
3962662024901320,3962663312119060,1733779492,1460256019,0,0,0,,3504,166402,3580,不留一生-韩辉2066,热门,m,31,9,1,上海财越投资管理有限公司 管理部门主任,0,上海 虹口区
3962661672477220,3962663480185410,1964681911,1460256059,0,1,0,,319,1278,395,憨态小猪,认识我的都会懂~,m,42,1,,,220,湖北 武汉
3962661672477220,3962663501488310,2614368863,1460256064,0,0,0,脑洞大开,1070,204,340,夜光很beauty,,f,42,1,,,220,湖北 武汉
3962662024901320,3962663506206500,1880785392,1460256065,0,0,0,,94,1792,480,大宝书记,,f,42,1000,,,-1,湖北
3962660036941700,3962663539272330,1879330051,1460256072,0,0,2,????,180,1218,150,茉哩茉哩,,f,42,1,,,-1,湖北 武汉
3962660036941700,3962663631668580,1752981263,1460256095,0,0,0,转发微博,114,316,171,大章鱼丸子---zy,现实，不是以后会怎么样，而是当下我们该做什么，因为人只有活在当下才能幸福永久！,m,35,4,,,-1,福建 三明
3962660036941700,3962663710831910,1597097080,1460256114,0,0,0,啊哈哈哈@T-S珊 @喜欢小兔子的瑞瑞,616,4748,585,鑫老师想当美食评论家,我不是吃货，只是对吃很专一哦~很乐意分享我的美食经验，哇咔咔！,f,42,1,,,220,湖北 武汉
3962660036941700,3962663787220720,2033723104,1460256132,0,0,0,啊哈哈哈哈,343,4257,609,SnuggleMan,萌萌哒,m,11,8,,,220,北京 海淀区
3962661672477220,3962663908174050,1838251827,1460256161,0,0,0,??????长江大桥上蒸着呢 http://t.cn/RqftP2K,1144,2582,405,安国晨,,m,23,5,,,220,黑龙江 双鸭山
3962662024901320,3962663941467890,2022091411,1460256169,0,0,0,[哈哈][哈哈][哈哈]一大早就开始直播现在好饿~~~[色],241,656,269,雪碧色果粒橙,,m,42,1,,,-1,湖北 武汉
3962660036941700,3962664000843000,1143037624,1460256183,0,0,0,真的有,315,2155,294,偶系氧气,雅伦的吃货妈咪,f,42,1,,,-1,湖北 武汉
3962661672477220,3962664004434480,3777729091,1460256184,0,0,0,[喵喵],67,245,219,惘是不思亦已焉哉,,f,42,1,,,-1,湖北 武汉
3962660036941700,3962664021836070,5819073190,1460256188,0,0,0,转发微博,6,76,84,Katherine0_o,,m,42,1,,,-1,湖北 武汉
3962661672477220,3962664072436480,2161736225,1460256200,1,0,1,@喵个咪兔 @武汉大男将,222,4084,536,喵星人要逆天,总有一天我会拥有自己的喵,f,42,1,,,-1,湖北 武汉
3962662024901320,3962664121985460,1760312512,1460256212,0,0,0,哈哈哈哈,145,16840,342,阿沫mo,悲伤有时，快乐有时，时间终究能抹平一切,f,42,1,,,-1,湖北 武汉
3962660036941700,3962664143262410,2271262922,1460256217,0,0,0,[吃惊],3575,3380,679,Yolanda轩姐,择一城终老、遇一人白首,f,31,1000,1,上海韩匠摄影有限公司 客服经理,0,上海
3962661672477220,3962664155853590,1326031285,1460256219,0,0,0,哈哈哈,478,5969,222,Cassie-苗710,,f,42,1,,,-1,湖北 武汉
3962662024901320,3962664214369780,1252897383,1460256234,0,0,0,哈哈太搞笑了,205,864,423,Claire鱼儿,,f,42,1,,,-1,湖北 武汉
3962660036941700,3962664218233770,3757484924,1460256236,0,0,0,#武汉马拉松#,46,270,132,魏晨欧巴会发光,魏晨勇敢飞，乐橙永相随,f,23,9,,,-1,黑龙江 七台河
3962660036941700,3962664348278290,3650030293,1460256267,0,1,0,又到了吃虾的季节[馋嘴][馋嘴][馋嘴],168,414,158,埃马努埃尔MI9,,m,42,1,,,-1,湖北 武汉
3962661672477220,3962664353263330,5021523127,1460256267,0,0,0,,23,220,70,小猴子爱吃bananananana,,f,100,1000,,,-1,其他
3962660036941700,3962664436634000,1744998701,1460256287,0,0,0,哈哈哈哈,215,847,368,-Sarahin-,,f,42,1,,,-1,湖北 武汉
3962661672477220,3962664453981480,1602897791,1460256291,0,0,2,??????,1200,12082,261,哆言哆语,……,m,42,1,,,220,湖北 武汉
3962660036941700,3962664495736220,2801658561,1460256301,0,0,0,是的,222,1996,279,X熊毅Y,路在脚下，落地生花！,m,42,1,,,220,湖北 武汉
3962660036941700,3962664629833290,5894631779,1460256333,0,0,0,转发微博,31,28,152,ssshizuka_,God sells us all things at the price of labor.,f,61,1,,,-1,陕西 西安
3962660036941700,3962664641664260,2050218587,1460256337,0,0,0,武汉[good][good][good],942,4765,1662,_游安杰,如果你勇于对过去说“拜拜”，生活就会回赠给你一个新的“哈喽”。欢迎互粉！????,m,42,1,1,??武汉德智高商贸有限公司 销售管理部主管 游安杰,0,湖北 武汉
3962661672477220,3962664692430360,2258191450,1460256347,0,0,1,[偷笑],123,3830,119,蓝调夏日tony,,f,42,1,,,-1,湖北 武汉
3962660036941700,3962664772216510,3036268337,1460256367,0,0,0,哈哈哈,56,790,129,一个人的旅程xly,,f,42,1,,,-1,湖北 武汉
3962661672477220,3962664789607090,1737157240,1460256371,1,0,0,哈哈哈哈哈哈哈哈哈，一样来一份！！！,1168,20412,384,大波士的小思思,亲爱的老爸，也许有一天我会找到我的王子，但你永远是我的国王。,f,42,1,,,220,湖北 武汉
3962661672477220,3962664822306310,1967393423,1460256379,1,0,1,油闷！[doge],966,16694,402,第二天堂的第二人生,当我们混在一起 让我们勿忘初衷,m,42,1,,,220,湖北 武汉
3962662024901320,3962664893960090,2770755264,1460256396,1,2,2,[哈哈]里面是否有你的身影嘞,5416,2352,427,华中师范大学每日一拍,新浪微博华师校园大使运营，微博大屏幕、加V认证等请联系校园大使13277963224。微博也欢迎各种投稿@哟！,m,42,1,,,-1,湖北 武汉
3962662024901320,3962664936284020,1829327042,1460256406,0,1,0,哈哈哈,302,901,508,Gaga-lan,你呀你 是自在如风的少年,f,42,1,,,220,湖北 武汉
3962660036941700,3962664981457160,2429756532,1460256418,0,0,0,转发微博,297,1787,565,影行者,,m,31,20,,,-1,上海 奉贤区
3962661672477220,3962665334848390,2917669497,1460256501,0,0,0,,97,348,111,陈陈陈Y要暴走,生活依旧美好。,f,42,1,,,-1,湖北 武汉
3962661672477220,3962665342998560,1665062763,1460256503,1,0,0,233,549,9613,513,自娱自乐dhc,,f,42,1,,,-1,湖北 武汉
3962662024901320,3962665347195370,5788313469,1460256504,0,0,0,哈哈,57,528,160,w萌萌哒,,f,42,1,,,-1,湖北 武汉
3962661672477220,3962665410166990,1838237952,1460256519,0,0,0,,940,11330,950,此情待共谁人晓,见，不如遇。,m,32,5,,,220,江苏 苏州
3962660036941700,3962665418183410,2078671281,1460256521,0,0,0,转发微博,288,1246,199,田长建先生,快乐的2b青年,m,42,2,,,220,湖北 黄石
3962661672477220,3962665431160960,1967544693,1460256524,0,0,0,我决定转了,24,226,364,说好的一切都在远方,快乐的存在着,m,42,1,,,-1,湖北 武汉
3962662024901320,3962665447099460,2194608313,1460256528,0,0,0,哈哈哈看饿了,219,3395,199,_溢_从不怕查水表,Need Not To Know！,m,42,1,,,-1,湖北 武汉
3962661672477220,3962665460162390,1775078501,1460256531,0,0,1,武汉人民最大的特点就是 干啥都能联想到吃[阴险][阴险][阴险],276,2255,192,怕虫子的林虫虫,从骨子里追求着浪漫~~,f,42,1,,,-1,湖北 武汉
3962660036941700,3962665468556860,2811624024,1460256532,1,1,0,转发微博,90,10828,296,再拖延就剁爪的猫纸,,f,42,1,,,-1,湖北 武汉
3962664789607090,3962665627820750,1889195260,1460256571,0,0,3,还加一盘蒜蓉的,1047,1984,462,丢丢丢丢_丢,"莪 的 快  只 忠 于 莪 . 不 懂 的 人 就 e e e 碰. ,っ 。",f,42,1,,,220,湖北 武汉
3962661672477220,3962665749310850,1049438257,1460256600,0,0,0,,38,96,171,爸爸的好儿子,喜欢吃 喜欢动,m,42,1,,,-1,湖北 武汉
3962662024901320,3962665968274750,3470829340,1460256652,0,0,0,转发微博,406,1715,1790,两全琪美Q,站在桥上看风景，看风景，看风景的人在看…,f,42,1,,,-1,湖北 武汉
3962661731672440,3962666001604580,2647082941,1460256660,0,1,0,[doge],378,1769,1337,Jifeng_Xuan,土博博，法后后，汉员员,m,42,1,,,220,湖北 武汉
3962660036941700,3962666064149470,3968055054,1460256675,0,0,0,转发微博,111,968,547,Max_匣与桔,记住我的名字和我带给你的故事??,f,42,1,,,-1,湖北 武汉
3962661672477220,3962666110323320,1489942524,1460256686,0,1,0,[doge],102,471,147,艾派N,I can’t tell you what it really is...,m,42,1,,,-1,湖北 武汉
3962660036941700,3962666152298090,2679084281,1460256696,0,0,0,转发微博,345,1318,313,高效去污粉专营加QQ123456789,I played solider you played king,m,23,1,,,220,黑龙江 哈尔滨
3962660036941700,3962666169089330,3124311811,1460256700,0,1,2,到了吃虾季,484,1554,534,跟自己赛跑的陈皮糖,学会学习，学会生活，学会工作～,m,42,1,,,220,湖北 武汉
3962662024901320,3962666211066000,3238978004,1460256710,0,0,0,,56,186,152,悬崖上一朵花,,f,42,1,,,-1,湖北 武汉
3962660036941700,3962666374699610,1910872811,1460256749,0,0,0,转发微博,312,1403,274,屮口皿口屮,,f,400,1,,,-1,海外 美国
3962662024901320,3962666382916790,3865412671,1460256750,0,0,0,,452,1247,182,WHUT物流学院研究生会,物流研会官方微博，实时更新学院研究生动态，希望大家多多支持！,m,42,1,,,-1,湖北 武汉
3962660036941700,3962666412301240,5195619399,1460256757,0,0,0,转发微博,17,166,116,梁开冬,,m,100,1000,,,-1,其他
3962660036941700,3962666806643560,1867221547,1460256851,0,0,0,吃货！,172,1133,121,llclcll,比起黑暗，更可怕的是忽明忽暗,f,42,1,,,-1,湖北 武汉
3962662024901320,3962666853005070,2117767782,1460256863,0,0,0,[偷笑],48,165,53,武汉动力公交志愿服务队,来自公交公司的一个热血团队,f,42,1,,,-1,湖北 武汉
3962660036941700,3962666915081360,5638739023,1460256879,0,0,0,??,53,414,254,Chancy821,你爱我，三生有幸,m,41,16,,,-1,河南 周口
3962661672477220,3962666944706220,1340489154,1460256884,0,0,0,[挖鼻],1259,3732,155,a,难解风情,m,42,1,,,220,湖北 武汉
3962660036941700,3962666948641180,1777749341,1460256887,1,0,0,[微笑],377,19302,229,_丶了,Nope.,f,42,1,,,-1,湖北 武汉
3962661836338550,3962667490101180,2173396143,1460257014,0,0,0,哈哈哈哈哈,917,3226,210,愚蠢阿兹喵,博主的微博超无聊，就只会哈哈哈哈哈哈,f,41,1,,,220,河南 郑州
3962661672477220,3962667549392240,2299402497,1460257029,0,0,0,瞎！[挤眼],268,2173,284,小妮子--SUNNY,,m,42,1,,,220,湖北 武汉
3962661731672440,3962667633082700,1770028873,1460257049,0,1,0,看得我好饿[doge],650,6090,178,Khaya,能沸腾的也会冷,f,100,1000,,,-1,其他
3962661672477220,3962667662750380,1677709503,1460257055,0,0,0,油焖的,490,8563,248,KK坤KIKI,,m,42,1000,,,-1,湖北
3962660036941700,3962667741975660,5520207529,1460257075,0,0,0,转发微博,278,20069,2015,妞妞的漂亮姐姐,,f,34,1,,,-1,安徽 合肥
3962660036941700,3962667784243440,1995822137,1460257085,0,0,0,小龙虾的即视感??#汉马#,9,36,10,2333fantastic,人无完人,f,46,1,,,-1,海南 海口
3962661731672440,3962667880815450,3123063952,1460257108,0,0,0,w,48,319,180,益达foever,,m,50,38,,,-1,重庆 巫溪县
3962661672477220,3962667897042350,1762245172,1460257112,0,0,0,,439,1839,463,Candy糖果橙子,心有猛虎，细嗅蔷薇。盛宴之后，泪流满面,f,42,1,,,220,湖北 武汉
3962660036941700,3962667930012070,2361660495,1460257121,0,0,0,转发微博,81,340,448,左手王座,给我一支笔,m,62,1,,,-1,甘肃 兰州
3962661672477220,3962667939023110,1311448522,1460257122,0,0,0,武汉文化深入马拉松，,358,164,204,姚乖乖__,当你遇到，你就知道！,f,42,1000,,,220,湖北
3962661672477220,3962668048171080,1845536747,1460257148,0,0,1,哈哈哈,281,1054,227,Helen_Smiler,轻度自闭。 恋恋恋家。,f,42,1,,,-1,湖北 武汉
3962661672477220,3962668110880020,1836626427,1460257163,0,0,0,[笑cry],1844,5993,276,人生若咏如初Jae,The one and only ――Jaejoong,f,100,1000,,,220,其他
3962662024901320,3962668258414030,2386462724,1460257198,0,1,0,,1204,3900,167,坚强的石头forever,...天生聪慧...思维敏捷...却 欠缺点脾气...,f,42,1,,,220,湖北 武汉
3962660036941700,3962668282989250,3141274681,1460257204,0,0,0,[哈哈][哈哈][哈哈],165,8,87,来自花村的花姑娘,90后非脑残间歇型神经病，轻微被关注不自在恐惧症，爱吃爱喝。,f,100,1000,,,-1,其他
3962662024901320,3962668438110390,3439211060,1460257240,0,0,0,[哈哈][哈哈][哈哈]一大早就开始直播现在好饿~~~[色],3330,1584,375,振天0,张悦轩哥哥,m,11,5,,,-1,北京 朝阳区
3962661672477220,3962668530598030,1827764547,1460257263,0,0,0,,166,1599,205,车干_的Okra,"心有猛虎,细嗅于蔷薇。",m,42,1,,,-1,湖北 武汉
3962660036941700,3962668605404490,5635850380,1460257281,0,0,0,转发微博,3,51,70,铠璺,,m,42,1,,,-1,湖北 武汉
3962661672477220,3962668606503650,2369856990,1460257281,0,0,0,麻辣[doge],602,1335,491,Aiande-Z,往自己最想的那个一个我前进~~~,f,42,1,,,220,湖北 武汉
3962661672477220,3962668626818880,2463011087,1460257286,6,11,3,憋说话！,130623,5017,140,武汉情报员,分享武汉大事小事新鲜事，这里是武汉同城微博平台，欢迎您的关注、投稿。内容来源于网络，版权归原作者所有！QQ群号码：250110653～,m,42,1,1,微博本地资讯博主（武汉）  微博社区委员会委员,0,湖北 武汉
3962660036941700,3962668727591480,1845060564,1460257310,0,0,1,哈哈哈哈 ,14320,72972,4176,AA青蛙王子,湖北省旅游发展委员会#灵秀湖北微博行#达人、武汉微博名人汇常务理事、中国图库签约摄影师、微博社区专家成员、微博美食点评团成员、湖北旅游论坛版主,m,42,1,1,中国图库签约摄影师、武汉微博名人汇常务理事、微博社区专家成员,0,湖北 武汉
3962660036941700,3962668735986520,1663207560,1460257312,0,0,0,哈哈哈哈哈哈哈好像！ http://t.cn/RqfVZXw,855,12347,435,小王子不爱秋天,远离碰瓷小人,f,42,1000,,,220,湖北
3962660036941700,3962668777972240,5244001120,1460257322,0,2,0,转发微博,31,698,110,MDDde77羽,,f,42,1,,,-1,湖北 武汉
3962661672477220,3962668853180790,2395095620,1460257339,0,0,0,[哈哈],124,2210,96,叶盛芷,不愤不启，不悱不发，举一隅不以三隅反，则不复也,f,42,1,,,-1,湖北 武汉
3962661672477220,3962669054486150,2418500561,1460257388,0,0,1,[doge][doge],139,653,263,morning阳阳,,f,42,1,,,-1,湖北 武汉
3962660036941700,3962669101195560,2171760512,1460257398,0,4,6,回复@清草系:@Gicy再通宵就剁爪 [酷],3898,4635,157,湖工工程学工助理,湖北工业大学工程技术学院学生工作助理办公室官方微博！,f,42,1,1,湖北工业大学工程技术学院学生工作助理办公室官方微博,4,湖北 武汉
3962660036941700,3962669104973990,2139857362,1460257400,0,0,0,[哈哈][哈哈]@萍萍-曹Pasty ,354,2515,733,一只旅行的长颈鹿,己所不欲，勿施于人。带着满满的正能量行走在追梦路上。Boice~,f,42,1,,,-1,湖北 武汉
3962662624466600,3962669121411430,2731465670,1460257403,0,0,0,[笑哈哈],172,1758,651,花草皆笑,我爱星空与海，,f,33,1,,,-1,浙江 杭州
3962662863866670,3962669344508560,1912052681,1460257456,1,0,0,！,418,33157,465,腹黑的小米酒,教练，我想打篮球。,m,44,1,,,220,广东 广州
3962660036941700,3962669679057430,2296535183,1460257538,0,0,0,[哈哈][哈哈][哈哈],515,1082,430,Sunshine燕燕_,别站在你的角度看我，我怕你看不懂。,f,42,1,,,220,湖北 武汉
3962660036941700,3962669965408300,1780787022,1460257604,0,0,0,哈哈,248,4559,330,双面秤子,约束の明日~~,f,42,1,,,-1,湖北 武汉
3962660036941700,3962670145709310,2168923240,1460257648,0,0,0,哈哈哈哈[哈哈],351,1348,229,shirkey_xinyue,New page??,f,42,1,,,220,湖北 武汉
3962660036941700,3962670212308860,3404913364,1460257664,0,1,0,麻辣小龙虾????,66,92,136,MostLoveGD,爱Bigbang,f,42,1,,,-1,湖北 武汉
3962660036941700,3962670337956790,2043873631,1460257694,0,0,1,[干杯],311,3046,222,Fa11Dream,仗贱走天涯,m,42,1,,,-1,湖北 武汉
3962668626818880,3962670589590680,2509102473,1460257754,0,0,0,,252,4750,439,牧心元一,怀揣大医精诚之心永远走在中医学习钻研之路上的苦行僧。,m,42,1,,,-1,湖北 武汉
3962661672477220,3962670812520910,2968061475,1460257805,0,1,5,哈哈哈哈哈哈哈哈有才！,151,113,96,Sweet_doughnut,"If you want something in life,reach out and grab it.",f,42,1,,,-1,湖北 武汉
3962666948641180,3962670993084370,1783331804,1460257849,0,0,0,哈哈哈哈,344,490,257,虎阿尤思密达,"????    Accept what was and what is, and you’ll have more positive energy to pursue what will be.",f,42,1,,,220,湖北 武汉
3962669344508560,3962671210842810,1837027815,1460257902,0,0,0,(??),362,6514,874,土石方平衡,我们不生产土 我们只是财布君的搬运工,m,44,1,,,-1,广东 广州
3962662024901320,3962671261228950,3616877215,1460257914,0,0,0,,46,169,225,高巡胡SIR,,m,42,1,,,-1,湖北 武汉
3962661672477220,3962671483071690,1884351842,1460257967,0,0,1,[喵喵]来一份油闷,1393,4577,472,豆浆酱酱酱酱酱,猜猜我是谁~,m,11,8,,,220,北京 海淀区
3962660036941700,3962671584267690,1133857433,1460257991,0,0,1,看饿了你妹的[doge],259,3954,426,heNg_哼哼_哼哼哈兮,精通SEO、CPS、SEM、JavaScript、PHP、C、Java、Ruby、Perl、Lisp、Python、Objective-C、ActionScript等单词的抄写,m,400,1,,,220,海外 美国
3962661672477220,3962671680133070,1747647123,1460258014,0,0,0,[拜拜],734,2413,135,攒RP求治愈ShoSakurai,Tom Hiddleston??????,f,42,1,,,-1,湖北 武汉
3962660036941700,3962671940577280,2019936407,1460258076,0,0,0,转发微博,259,2324,219,Crusader21,诗和远方,m,42,1,,,-1,湖北 武汉
3962662024901320,3962672087534960,2402774870,1460258110,0,1,0,好饿，[哈哈][哈哈],36,512,156,赛帕尔扛不住,不做点什么就浪费青春啦！,f,42,1,,,-1,湖北 武汉
3962661672477220,3962672532327380,2018999892,1460258217,0,0,1,,189,490,111,刘大薇薇丶,人生有味是清欢。,f,42,1,,,-1,湖北 武汉
3962660036941700,3962672603194380,2123095003,1460258234,2,0,0,@西马棚老大 哈哈哈哈啊哈哈哈哈哈哈哈哈哈哈,670,1249,571,洋葱洋葱洋葱洋葱圈,,f,42,1,,,220,湖北 武汉
3962660036941700,3962672787641550,1922980825,1460258277,0,0,0,[害羞][馋嘴],266,8132,310,豌豆你个喵咪,思想有多远，我们就滚多远。不定期抽风刷屏。,f,42,2,,,220,湖北 黄石
3962661672477220,3962672787448300,1193306421,1460258278,0,0,0,,514,65824,406,Shinhwa1108,于千万人之中，遇见你要遇见的人。,f,42,1000,,,-1,湖北
3962660036941700,3962672854132800,1774694622,1460258295,0,0,0,哈哈哈哈哈哈好饿！,965,32252,665,Jyo1900,?^ΦωΦ^?,m,100,1000,,,-1,其他
3962660036941700,3962673060508970,1685438604,1460258342,0,0,0,想回去吃小龙虾,108,811,336,请叫我启文君,和爱的人到挪威看极光,m,37,11,,,-1,山东 日照
3962664822306310,3962673337077290,2126440632,1460258408,0,0,0,哈哈哈哈哈哈哈到了吃虾的季节,1399,7746,561,鱼希希呀,公平原没半点偏心,f,42,1,,,220,湖北 武汉
3962668626818880,3962673500159460,2381615904,1460258448,0,0,1,@卷草_集,41,2582,251,芫花瑞香,,f,400,16,,,-1,海外 其他
3962660036941700,3962673613900950,1598202140,1460258475,0,0,0,转发微博,193,8296,420,洛之熙,你坚持下来了，而别人坚持不下来，这就是你的资本。,m,11,4,,,-1,北京 宣武区
3962660036941700,3962673810796890,5099295889,1460258522,0,1,0,哈哈哈哈哈,160,3162,748,赫连纯熙,复杂型人格的姑娘,f,61,1,,,-1,陕西 西安
3962661672477220,3962673823172270,1765757627,1460258526,0,1,0,虾,2880,8474,533,周姐Mr_Carbon,Geotechnical Engineer/Foundation Non-Destructive Testing Technology/TRACK Wechat:20653511,m,42,1000,1,固齿中国(www.fixedchina.com)分区管理员,0,湖北
3962660036941700,3962674016238730,1263264480,1460258571,0,1,0,好多小龙虾[嘻嘻],693,3868,1048,胡小_,,f,42,1,,,220,湖北 武汉
3962660036941700,3962674276659070,5893702469,1460258633,0,0,0,转发微博,1,36,8,江滩流狼,俺是一只潜力股,m,42,1,,,-1,湖北 武汉
3962661672477220,3962674285143030,2634132755,1460258635,0,0,0,[馋嘴],1390,4728,354,慈祥的爷爷,别人告诉你事情的时候，你要思考一下。,m,42,1000,,,200,湖北
3962660036941700,3962674436283350,1323408587,1460258671,0,0,0,转发微博,239,25,525,名字要长要很长要更长还要长,荷尔蒙决定一见钟情，多巴胺决定天长地久，肾上腺决定出不出手，自尊心决定谁先开口。最后，寿命和现实决定谁先离开谁先走。,m,11,8,,,220,北京 海淀区
3962660036941700,3962674632863300,5344118392,1460258718,0,0,0,??,11,115,156,微微微__笑,,m,42,1,,,-1,湖北 武汉
3962660036941700,3962674809310470,2882039392,1460258760,0,0,0,[笑cry],57,207,73,尼姑庵的小师妹,有粑粑天赋,m,42,1,,,-1,湖北 武汉
3962660036941700,3962674993686670,5022736733,1460258804,0,0,0,→_→,134,286,504,玉小玉是荷花sama,Black Swan Space&color,f,100,1000,,,-1,其他
3962660036941700,3962675191274680,3874121612,1460258851,0,0,0,#武汉马拉松#今天你汉马了吗？[微笑],5230,358,227,整形医师万文勇,整形医学硕士，知名整形美容专家 现任中爱国际医疗美容医院副主任医师，预约联系助理，微信：zhongai01,m,42,1,1,武汉中爱医疗美容整形医生,0,湖北 武汉
3962660036941700,3962675199670470,2285992530,1460258853,0,0,0,回武汉吃小龙虾克。[哈哈][哈哈][哈哈][哈哈][哈哈],566,3790,268,明晓星只爱刘忻,~~爱生活，爱旅行，爱刘忻~~,f,42,1,,,220,湖北 武汉
3962660036941700,3962675250044520,2099282640,1460258864,0,0,0,[笑cry][笑cry],174,471,195,lysmeng,幸福 却流于表面 坚强且自卑 顽固且软弱 骄傲且自怜 有时乖巧 有时疯狂 有时坚强 有时脆弱,f,42,1,,,-1,湖北 武汉
3962660036941700,3962675283136910,1230301660,1460258873,0,0,0,哈哈哈哈哈哈,1214,5762,700,Miss-yuyuyuyu,之q月漫L 然而值得等待,f,42,1,,,220,湖北 武汉
3962661672477220,3962675610013630,3331732852,1460258951,0,0,0,,120,1134,197,Cheng山森,愿朝着梦想的努力都会成为坚实的脚印,m,42,1,,,-1,湖北 武汉
3962660036941700,3962675652846410,3820620316,1460258961,0,0,0,转发微博,271,332,255,大姑娘Z,情深不寿。,f,42,1,,,220,湖北 武汉
3962660036941700,3962675841201130,1975362083,1460259005,0,1,0,hahahaha就是这个味,743,5669,270,J_Annie,??BIGBANG??,f,42,1,,,220,湖北 武汉
3962660036941700,3962675899447810,2547616937,1460259020,0,1,1,哈哈,130,780,271,鬼笔环peptide,,m,42,1,,,-1,湖北 武汉
3962672603194380,3962676231423290,2277697531,1460259099,0,1,0,[笑cry][笑cry][笑cry],404,423,128,花房姑娘的梦_,不忘初心,f,44,3,,,10,广东 深圳
3962665342998560,3962676579007650,1830410107,1460259182,0,1,0,哇要爆炒送过来,1030,15195,126,红绿黄紫,做一只高产的小天使,f,82,7,,,220,澳门 胱
3962660036941700,3962677158492870,5032209867,1460259320,0,0,0,转发微博,32,3286,442,霸气的朽木露琪亚,,f,42,1,,,-1,湖北 武汉
3962660036941700,3962677242464450,2903292441,1460259340,28,53,7,#武汉马拉松# →_→,320562,9152,625,鲜城武汉,商家有意合作，可电联027-82836822 筑好一座城，等待新鲜人~为你带来最本地的吃喝玩乐攻略，发现不一样的大武汉！,m,42,1000,1,鲜城武汉官方微博,3,湖北
3962677242464450,3962677447855060,1111046314,1460259389,0,0,0,,14,92,203,吕吉LJ,,m,42,1,,,-1,湖北 武汉
3962664893960090,3962677568687380,5729196627,1460259419,0,1,0,??这是什么鬼,33,86,42,华中师大15级电信5班,华中师范大学2015级电信5班官方微博,m,42,1,,,-1,湖北 武汉
3962660036941700,3962677871349130,2390610373,1460259490,0,1,0,????,53,1664,193,亮仔丶牛奶糖,球星：卡卡☆Kaká  俱乐部：Real Madrid  体育场：Estadio Santiago Bernabéu  国家队：Brazil team,m,42,1,,,-1,湖北 武汉
3962660036941700,3962678046633270,5347557619,1460259533,0,0,0,太像了[笑cry][笑cry],22,25,113,喜欢香蕉的王王,呵呵～,f,42,1,,,-1,湖北 武汉
3962677242464450,3962678060001220,1709765251,1460259535,0,0,0,??,1027,5599,846,ChengCUCU,哦,f,42,1,,,220,湖北 武汉
3962677242464450,3962678135341360,1241229797,1460259553,2,0,0,哈哈哈哈,652,2516,682,飞翔纯属意外,值得绚烂就别袖手旁观...........,m,42,1,,,220,湖北 武汉
3962661672477220,3962678353179660,1627802891,1460259604,0,0,0,清蒸麻辣一样来个[doge],603,74,196,Crystal_甜,好的坏的，自己懂就好,f,42,1,,,220,湖北 武汉
3962660036941700,3962678353613800,2254648534,1460259605,0,0,0,转发微博,107,295,113,柳茹芸,,f,42,1,,,-1,湖北 武汉
3962677242464450,3962678441788840,3812824190,1460259626,0,0,0,,167,1316,254,飘翔9918,,m,42,1,,,-1,湖北 武汉
3962660036941700,3962678454122080,2557053732,1460259629,0,0,0,哈哈，逗比小编[哈哈],422,641,300,诗人安东尼金,想跟秋天预订一米阳光，到了冬天，用来温暖你的心底。,m,42,1,1,诗人 李宣哲 主编及代表作《天涯情诗选》,0,湖北 武汉
3962660036941700,3962678747550680,1847668852,1460259698,0,1,1,随莫斯都能联想到吃的??,573,364,339,effie_hu,"life was good to me , u just make it better.",f,42,1,,,220,湖北 武汉
3962660036941700,3962678831951600,2674334083,1460259719,0,0,0,转发微博,166,2415,222,幸运winnietea,在心里种上一颗太阳！！！！！,f,42,1,,,-1,湖北 武汉
3962660036941700,3962678843839390,1698980037,1460259722,0,0,0,[笑cry][笑cry][笑cry],714,1599,913,小红帽要茁壮成长,年华似水匆匆一瞥 多少岁月轻描淡写,f,81,16,,,220,香港 屯门区
3962677242464450,3962678970228670,5521909766,1460259751,0,0,0,[笑cry],22,32,135,一个佟叔TTT,美洲鲸鱼 画点小人 看动画片 污且矫情 次元生物,f,42,1,,,-1,湖北 武汉
3962660036941700,3962679145844860,1066691723,1460259794,0,0,0,转发微博,23,110,49,一梦到南柯,,m,11,8,,,-1,北京 海淀区
3962668626818880,3962679171033140,2396529162,1460259800,0,0,0,油闷的可以不[羞嗒嗒],112,458,229,烂烂的灿之光永不灭,,m,42,1,,,-1,湖北 武汉
3962668626818880,3962679237953510,5540390768,1460259817,0,0,0,好想吃龙虾了,26,13,153,易baby11,爱笑，爱旅游，爱生活。,f,42,1,,,-1,湖北 武汉
3962660036941700,3962679821029370,1688225861,1460259956,1,1,2,[喵喵],452,3044,336,杨炯炯,生活中最好的东西根本就不是某样东西，而人际关系、经历和有意义的工作才是幸福生活的主题。,f,44,1,,,-1,广东 广州
3962660036941700,3962679842352910,5175800706,1460259960,0,0,0,[笑cry][笑cry][笑cry][笑cry],48,3823,122,like-thisCC,没有什么永垂不朽！,f,42,1,,,-1,湖北 武汉
3962660036941700,3962679968293370,1650995664,1460259990,5,1,0,[笑cry],427,22059,332,Haruki818,||SMAP ONLY||彩妆微博：-JEANNE-,f,42,1000,1,中国移动通信集团武汉分公司项目经理助理,0,湖北
3962660036941700,3962680065257040,1797424645,1460260012,1,4,0,奔跑吧，小龙虾!,4772,279,241,厨房里的周小雨,一个做蛋糕的厨子呐！微信公众号：【小雨厨房】,f,44,1,,,-1,广东 广州
3962660036941700,3962680136623960,2172246870,1460260029,0,0,0,・・・・・・・,151,2059,244,Is-just-kidding,闲倚花楼醉红尘,f,33,7,,,-1,浙江 金华
3962660036941700,3962680148473030,3286606424,1460260033,0,0,1,很好吃的样子@__Venezia,66,48,121,彭,得一人心。。。。,f,42,11,,,-1,湖北 黄冈
3962677242464450,3962680312679360,1911759573,1460260072,0,0,0,[笑cry],104,992,203,冰淇淋猫咪,,f,42,1,,,-1,湖北 武汉
3962679968293370,3962680429481150,1646854105,1460260100,1,0,0,好想吃……,1909,37089,376,小心轻放林二饼,逐渐变成自己最讨厌的那种人了～,f,42,1,,,220,湖北 武汉
3962660036941700,3962680496684980,2175924563,1460260116,0,0,0,[哈哈][哈哈][哈哈]蛮像。,389,1702,62,Chung_Yick,我只是懦弱到弱不善表_的普通人。,f,42,1,,,220,湖北 武汉
3962677242464450,3962680530437510,1825859610,1460260124,0,0,0,哈哈哈，一大盆油焖大虾[哈哈][哈哈],792,56,398,万纯cc,在最好的年纪遇到你，才算没有辜负自己,f,42,1,,,220,湖北 武汉
3962660036941700,3962680789990550,5711878650,1460260186,0,0,0,转发微博,45,55,757,Pg,换季的时候我就回来了,f,100,1000,,,-1,其他
3962677242464450,3962680789762730,1781282942,1460260187,0,0,0,,883,3644,2998,雷浩_hawaii,微思敦Wesdom | 专注移动营销―中国领先的移动互联网营销服务机构。致力于通过效果营销及全程顾问式服务为互联网企业实现营销价值最大化。,m,42,1,1,微思敦Wesdom 客户经理,0,湖北 武汉
3962660036941700,3962680950297730,2392554155,1460260224,0,0,0,转发微博,424,338,691,李泽photo,自由摄影师，欢迎约拍。578045688@qq.com微信,m,42,1,,,-1,湖北 武汉
3962660036941700,3962681016705720,1224081372,1460260240,0,3,0,哈哈哈哈哈哈哈 壮哉我大武汉小龙虾！！,2447,19370,1009,萌猫_阿\,不叫我们遇见试探，救我们脱离凶恶。,f,42,1,,,220,湖北 武汉
3962660036941700,3962681255383540,1248386534,1460260298,0,0,0,转发微博,9817,1530,335,Ann静丫头,某女人,f,42,1,,,220,湖北 武汉
3962660036941700,3962681289558380,2251689091,1460260304,0,0,0,哈哈！！！,252,328,235,Crazy猫咪也叫小白虎,人生乃闪于风前之烛。,m,42,1,,,220,湖北 武汉
3962660036941700,3962681528874190,5474449727,1460260361,0,1,0,[爱你][爱你],71,393,224,i敏八怪,成熟 稳重 爱你,f,42,1,,,-1,湖北 武汉
3962660036941700,3962681860262330,3514564253,1460260440,0,0,0,[哈哈][哈哈],173,3984,811,晓女人花w,,f,100,1000,,,-1,其他
3962660036941700,3962682044716160,2621755313,1460260484,0,0,0,转发微博,138,1644,254,Gogogointhesun,Love because you do,f,33,1000,,,-1,浙江
3962660036941700,3962682103790990,2414345881,1460260499,1,0,0,哈哈哈,802,1705,239,核逗丝,内敛沉稳 朴实低调 温柔似水 自带治愈光环 …,m,42,1,,,200,湖北 武汉
3962662024901320,3962682128343360,2153801425,1460260505,0,0,0,原来是龙虾广告,257,2877,271,馊a77,oM~待！幸福の!,f,42,1,,,220,湖北 武汉
3962660036941700,3962682459543430,2787334790,1460260584,0,0,0,Hhhhhhh配色,353,1676,239,SATELLITEV,L I A R .,f,400,9,,,-1,海外 泰国
3962679821029370,3962682585748450,3028138545,1460260614,0,0,2,你跑了么→_→,934,25060,671,-但去莫复问-,迟早也是要双我的，所以就别关注了,f,11,8,,,-1,北京 海淀区
3962664072436480,3962682585217760,2427013110,1460260614,0,0,0,油焖,218,1669,229,喵个咪兔,爱猫咪，爱花草，爱美食的兔子。,f,42,1,,,-1,湖北 武汉
3962677242464450,3962682720382170,2932204071,1460260645,0,0,1,??????,167,480,210,郭子ghy,,f,42,1,,,-1,湖北 武汉
3962660036941700,3962683114022970,1862421980,1460260740,0,0,0,[笑cry][笑cry][笑cry],372,3672,487,Charcy1116,,f,42,1,,,-1,湖北 武汉
3962661672477220,3962683306767760,1963132781,1460260786,0,0,0,,1174,60653,2000,螃蟹在沙滩上,,m,42,1,,,-1,湖北 武汉
3962661672477220,3962683327759410,3973512159,1460260791,0,0,0,必须麻辣[偷笑],4,7,17,点滴cyh,,f,42,1,,,-1,湖北 武汉
3962677242464450,3962683622030580,1416013605,1460260861,0,0,0,哈哈哈，这个太形象了[哈哈],25,1236,133,暖暖的私人空间,,f,42,1,,,-1,湖北 武汉
3962660036941700,3962683881319180,1811201622,1460260923,0,0,0,哈哈哈哈哈饿了,312,3036,171,this_is_Fyy,Wuhan??Canada ?? 【SUJU】THE LAST MAN STANDING KYUHYUN ???  愿你一生努力 一生被爱 想要的都拥有 得不到的都释怀。,f,42,1,,,-1,湖北 武汉
3962660036941700,3962684136946410,3814036007,1460260985,0,1,0,哈哈哈哈哈哈哈哈哈,47,121,69,诶哔嘻底伊,,m,42,1,,,-1,湖北 武汉
3962677242464450,3962684225962290,2124052103,1460261005,0,0,0,[偷笑][偷笑][偷笑][偷笑][偷笑],351,1896,447,偶尔有点儿小神经,naughty girl,f,42,1,,,-1,湖北 武汉
3962660036941700,3962684653650540,2576580100,1460261106,0,0,0,[笑cry][笑cry][笑cry][笑cry],1655,723,70,职业神经病甲,每个人都有神经病，不过是轻重而已！,m,42,1,,,-1,湖北 武汉
3962660036941700,3962684808454130,2429584994,1460261144,0,0,0,真的挺像的,270,3867,364,小慧子是妖怪,爱鹿晗，爱猫，爱heenim，爱美好的事物，鹿晗，zang！,f,42,1,,,-1,湖北 武汉
3962660917737490,3962684850256970,2877557901,1460261154,0,0,0,,120,416,117,吃老虎的Happy兔,破茧成蝶，是人生的一种境界 能够破茧成蝶，就会重获生命的欢愉和快慰~,f,42,1,,,-1,湖北 武汉
3962677242464450,3962685181927540,1230118500,1460261233,0,1,0,哈哈哈哈哈哈哈,426,4772,371,破鱼缸,,m,44,3,,,220,广东 深圳
3962660036941700,3962685789439500,3141085127,1460261379,0,0,0,[哈哈][哈哈][哈哈][哈哈][哈哈],245,843,240,等等等等等多,我要懒点懒点再懒点r(st)q,f,42,1,,,-1,湖北 武汉
3962660036941700,3962685869573880,2722840773,1460261397,0,0,0,想吃[喵喵],275,219,146,安安小屁墩,那日夏天爱上了那个比阳光还耀眼的花美男~弘基欧巴・~~,f,42,11,,,-1,湖北 黄冈
3962682103790990,3962686402657060,1951014487,1460261524,0,0,0,一毛一样[doge],131,1707,140,乱七八糟咚呢咯哝咚,我中意的只有索圣和胡小定而已~,m,42,1,,,-1,湖北 武汉
3962660036941700,3962686603729100,1746020697,1460261572,0,0,0,????????,328,3808,230,嘿-咸鱼,做梦都想做猫奴，有没有主子看上我的啊啊啊啊！,f,42,1000,,,-1,湖北
3962662024901320,3962686729406240,1973199862,1460261602,0,0,0,好贴切,277,1886,175,Tracy幸,??? ?? ????? ?? ??? ??~,f,42,1,,,-1,湖北 武汉
3962679968293370,3962687040029580,2163273091,1460261676,1,0,0,[微笑][微笑][微笑],119,1352,576,周末总是阴雨天,SMAP|草担|团饭！团饭！团饭！|48G半出坑 | 首推宅宝|二推露露|非bp|以上。,f,42,1,,,-1,湖北 武汉
3962677242464450,3962687447123620,5608546245,1460261773,0,0,0,,13,208,99,星语千易,星语千易（湖北）传媒有限公司是专注于文化创意产业、网络技术应用和知识产权交易，提供企业倍速成长方案。,m,42,1,1,星语千易（湖北）传媒有限公司,2,湖北 武汉
3962661672477220,3962688138650370,2649375114,1460261938,6,14,2,要油焖！,424769,21048,2634,武汉达人会,微聚达人，服务武汉！发布武汉地区资讯、组织开展微博达人活动，全心全意做好达人服务！,m,42,1,1,武汉达人会官方微博,3,湖北 武汉
3962660036941700,3962688164110920,2065195717,1460261943,0,1,0,一整条街的小龙虾[哈哈][哈哈][哈哈],291,1023,209,muse--沸沸,i know lies the lost and you'll feel fine,f,42,9,,,-1,湖北 孝感
3962688138650370,3962688277182540,1767852723,1460261971,0,1,0,看饿了,149,523,150,兜麦麦麦,纯粹的 过着 这种小日子.........,f,42,1,,,-1,湖北 武汉
3962661672477220,3962688583384840,5103892319,1460262044,0,3,2,红烧吧！,21669,1565,210,应城同城会,应城同城会官方微博，新闻、趣事、求助请@应城同城会 欢迎加入应城同城会聊天群：193169796,m,42,9,1,应城同城会官方微博,3,湖北 孝感
3962660036941700,3962688785133770,2506596961,1460262092,1,0,0,哈哈哈,425,426,358,我想和你虚度时光_,i want to waste time with you,f,42,31,,,220,湖北 天门
3962660036941700,3962689161533950,2011239723,1460262183,2,3,2,#新鲜速递# 满城小龙虾[doge],8302,3775,501,湖北大学记者团,湖北大学记者团于2001年9月由原大学生通讯社改组成立，隶属于湖北大学党委宣传部，是一个由热爱写作的学生记者组成的学生团体。记者团人以“扬我湖大美名”为己任，立足校园，以《湖北大学报》为阵地，积极为校报采写各类校园新闻，在《人民日报》、《光明日报》、《中国教育报》等各种报刊发稿2000余篇。校际交流，稿件咨询，外联洽谈请私信联系。,m,42,1,1,湖北大学记者团,4,湖北 武汉
3962688785133770,3962689238293930,1964931175,1460262200,0,0,0,,358,1934,700,XiongGe格,生活就是既给你惊喜又给你悲伤的魔鬼,m,42,1,,,220,湖北 武汉
3962661672477220,3962689262209230,5183468624,1460262207,0,0,0,哈哈哈哈哈,105,501,383,黄一一努力奋斗ing,,f,42,1,,,-1,湖北 武汉
3962677242464450,3962689401613730,1974686703,1460262239,0,0,0,哈哈哈,93,1260,97,爽爽爱凯凯,此博只刷凯凯，不想看的请取关，谢谢！,f,42,1,,,-1,湖北 武汉
3962661672477220,3962690756096140,2737412084,1460262561,0,0,0,麻辣[馋嘴],533,17156,348,我的甜辣卤,??Men always gone. But the girl still here.??,f,42,1,,,220,湖北 武汉
3962660036941700,3962691075120320,2194365795,1460262638,0,0,0,地方特色[哈哈][哈哈],253,567,309,菠萝菠萝菠萝饭,,f,42,8,,,220,湖北 荆门
3962661672477220,3962691209631470,5561855680,1460262669,0,0,0,,7,25,24,燕燕5561855680,,m,42,1,,,-1,湖北 武汉
3962660036941700,3962691205010330,1305931812,1460262669,0,0,0,你这样容易失去大伙儿……,1307,7592,404,梅朵Meinduo,唯美食与爱不可辜负。阿耨多罗三藐三菩提。,f,42,1,,,220,湖北 武汉
3962688138650370,3962691749454490,5658046116,1460262800,0,0,0,[嘻嘻],116,2653,903,可亲的马儿,努力前行 永不放弃 爱运动 爱跑步,m,42,1,,,-1,湖北 武汉
3962660036941700,3962691766774020,5121045479,1460262802,0,0,0,[哈哈],7,3888,147,ZetaFoehnQAQ,Wir mvssen wissen. Wir werden wissen.,m,42,1,,,-1,湖北 武汉
3962661672477220,3962691788454390,2770905421,1460262808,0,0,0,,5,57,45,风铃在春天,,f,42,1,,,-1,湖北 武汉
3962660036941700,3962692144774080,3891516635,1460262892,0,1,0,[笑cry]@蠢蠢的crackpot,103,743,149,小胖子少吃点啊aaa,我要嫁杨洋！,f,42,1,,,-1,湖北 武汉
3962660036941700,3962692257724500,2687037503,1460262920,0,0,0,[偷笑],187,1357,462,ai-琦爷来叻,-◆_做e呵{◇_|,f,42,1,,,-1,湖北 武汉
3962661672477220,3962692379476670,2906491401,1460262949,0,0,0,要麻辣还是清蒸？小龙虾[哈哈],193,616,144,#NAME?,能和你多走一步我绝不退后半步,f,42,1,,,-1,湖北 武汉
3962660036941700,3962692589529300,1494776803,1460262999,0,0,0,[嘻嘻][嘻嘻][嘻嘻],1382,13628,932,香牛,想知道什么直接问就好了！,m,11,8,1,北京车友协会理事 陈志峰,0,北京 海淀区
3962660036941700,3962692601582820,2493249210,1460263002,0,1,0,哈哈哈哈哈哈，抓到精髓,689,1948,259,丢了一个小圆点,,f,42,1,,,-1,湖北 武汉
3962689161533950,3962692798149490,3924824783,1460263050,0,0,0,[挖鼻][挖鼻][挖鼻][挖鼻],311,531,321,黎凛胤臻,回忆，草地，柚子树，雨滴，纸，手机，招呼。,m,400,2,,,-1,海外 英国
3962677242464450,3962692815110350,2495430213,1460263053,0,0,0,[哈哈][哈哈],149,119,150,欧小茜希,????,f,42,1,,,200,湖北 武汉
3962661672477220,3962693465775890,3192380680,1460263208,0,0,0,这个视觉感像是麻辣的[笑cry][笑cry][笑cry],106,89,58,香辣味儿的噶嘣脆,如果感觉迷茫！就想想当初的自己！如果找不到坚持的理由，那么就重新开始！燃烧吧！女青年…,f,42,1,,,-1,湖北 武汉
3962688138650370,3962693788936140,1801891242,1460263285,0,0,0,哈哈哈哈哈,601,5051,417,晓纠结是小吃货,空有一颗减肥的心，偏偏生了一条吃货的命。,f,42,1,,,220,湖北 武汉
3962662024901320,3962694052698550,3833563653,1460263347,0,1,0,很贴切,38,649,67,我是溜溜爱RM,本人RM真爱粉，经常路见不平一声吼。,f,100,1000,,,-1,其他
3962660036941700,3962694145050000,1214461313,1460263370,0,0,0,这…………！！！,20,371,74,豆奶0先生,,m,100,1000,,,-1,其他
3962679968293370,3962694350853100,1769058547,1460263419,0,0,0,[偷笑][偷笑][偷笑],229,1773,102,薇薇I_Jing,◆ 跌. 倒. ㄋ. …〉爬. 起. R. .(哭) qァ. _/~Kｊī建,f,42,1,,,220,湖北 武汉
3962660036941700,3962694463395200,2690115493,1460263446,0,0,0,[笑cry][笑cry][笑cry],80,481,270,丹丹与气球,我一直坚信，未来不会太坏。,f,42,1,,,-1,湖北 武汉
3962660036941700,3962694573254340,1698220401,1460263472,0,0,7,哈哈[哈哈][哈哈],770,4058,339,易昌龙爱看书少玩电脑多喝水,没苦出个名堂,m,42,1,,,220,湖北 武汉
3962689161533950,3962694690086000,3265753327,1460263500,0,0,0,,86,1330,221,三变PHPer,美图是我的梦～,m,42,1,,,-1,湖北 武汉
3962661672477220,3962694752806300,1858600452,1460263515,0,1,0,蒜泥的来一盆[哈哈],197,9226,194,_郑跑跑,,m,42,1,,,220,湖北 武汉
3962660754486340,3962696682814490,1420937584,1460263975,0,0,0,哈哈哈，看来晚上应该吃虾庆祝,572,4107,329,waterlue,Life will change what you are but not who you are,f,42,1,,,220,湖北 武汉
3962660036941700,3962696686865160,3025448387,1460263976,0,2,0,[笑哈哈][笑哈哈],243,925,149,卖火柴的吕朋友,别忘了答应自己要做的事情，别忘了答应自己要去的地方，无论有多难，有多远。,f,42,5,,,-1,湖北 宜昌
3962677242464450,3962696812543610,5054044021,1460264006,0,0,0,,18,3195,97,零下一度19910727,,m,100,1000,,,-1,其他
3962661731672440,3962697097725550,5020353222,1460264074,0,0,0,哈哈哈哈,13,251,98,chaojizhuoge的马甲,,m,42,1,,,-1,湖北 武汉
3962660036941700,3962697932801280,5230903667,1460264273,0,0,0,转发微博,32,387,186,李三岁_Zzang,,f,36,3,,,-1,江西 萍乡
3962677242464450,3962698410603730,5326192771,1460264387,0,0,0,像,19,91,32,杯无绿以,你不能把这个世界，让给你所鄙视的人。,f,42,13,,,-1,湖北 随州
3962660036941700,3962698704270370,5258127015,1460264457,0,0,0,转发微博,39,939,410,欢欣201410,,m,42,1,,,-1,湖北 武汉
3962662024901320,3962698729461840,2890736345,1460264463,0,0,0,??????,180,1138,247,小小小小小鱼儿er,心若没有栖息的地方，到哪里都是在流浪,f,42,1,,,-1,湖北 武汉
3962677242464450,3962698855451280,2293876847,1460264492,0,0,0,哈哈哈哈、、、好像，来一盘~~[笑cry][笑cry],222,991,135,外太空不缺氧,要相信，总会有不期而遇的温暖和生生不息的希望,f,100,1000,,,-1,其他
3962660036941700,3962699399989170,1750100580,1460264624,0,0,0,哈哈,417,1501,226,琪言琪语qi,你还记得吗 记忆的炎夏,f,42,1,,,-1,湖北 武汉
3962660036941700,3962700302218740,3114992447,1460264838,0,1,1,@wwwwanx,82,38,109,Wang-kaicheng,=,m,42,7,,,-1,湖北 鄂州
3962660036941700,3962702227142810,2411505681,1460265296,0,0,0,哈哈！油焖清蒸一样一盘[哈哈],131,127,146,卜卜__m,,f,42,1,,,-1,湖北 武汉
3962660036941700,3962702499671780,1662003781,1460265363,0,0,0,哈哈！,381,5074,312,小新的蜡笔,"想叫蜡笔小新的，可惜被抢注了，只好做了“小新的蜡笔”，在博客里，涂抹小新的奇思怪想！＂发广告我的童鞋，一律拖黑。＂",f,42,1,,,220,湖北 武汉
3962660036941700,3962702781487900,3971151909,1460265429,0,0,0,转发微博,19,33,99,许Frances,许你一生。,f,11,14,,,-1,北京 昌平区
3962677242464450,3962702852862770,1785862457,1460265446,0,0,0,[哈哈][哈哈][哈哈],103,3189,412,麦小岁,手有玫瑰，心有盔甲。,f,42,1,,,220,湖北 武汉
3962661672477220,3962703061806810,2787817167,1460265496,0,0,0,,239,2656,179,温柔杨白菜,you are not alone,f,44,3,,,-1,广东 深圳
3962660036941700,3962703070621170,2470443132,1460265498,0,0,1,@小洁想要戒掉熬夜,377,777,718,H叶eng,园林设计师 吉他手 美术老师 摄影师 导演,m,42,8,,,220,湖北 荆门
3962677242464450,3962704681343180,2009205251,1460265882,0,0,0,[偷笑][偷笑][偷笑][偷笑],219,956,205,cxcc1012,,f,42,1,,,220,湖北 武汉
3962661672477220,3962705871971750,1241628572,1460266166,0,0,0,233333333,193,371,129,monkeyzbc,你一个微笑 我的世界都沉醉,f,100,1000,,,-1,其他
3962662704108580,3962706338243490,1937615465,1460266277,0,0,0,,234,5902,193,喝水_吃水果,,m,42,1,,,-1,湖北 武汉
3962660036941700,3962707231266680,2793499342,1460266489,0,1,1,@寇自强 @卡卡卡卡卡卡卡尔 [哈哈][哈哈][哈哈],185,143,86,刘雪琴sunflower,没有做不成的事，只有做不成事的人！,f,42,1,,,-1,湖北 武汉
3962660036941700,3962707239664220,5651492178,1460266492,0,0,0,转发微博,20,718,150,有事没事发发疯的三金,我想成为更好的自己。去看更好的世界。,f,42,1,,,-1,湖北 武汉
3962678135341360,3962707298085970,2629595233,1460266505,0,0,0,是的哈哈哈哈哈哈哈哈哈哈,262,805,257,HYQ_由加SI,,f,42,1,,,-1,湖北 武汉
3962661672477220,3962708614975230,1061226600,1460266820,0,0,0,,313,4650,179,vicky1019,谢谢光临Vicky的围脖！,f,42,1,,,-1,湖北 武汉
3962660036941700,3962708854865940,5328122931,1460266876,0,0,0,想回克次虾子,241,5557,295,幸运枝,??狮子的头||电吉他||燃系摇滚||枝儿大本命||艾斯||NANA||岚朋友是岚少||亲子分||西厨||神||杂食微博什么都会出现||S√M√??,f,400,5,,,-1,海外 加拿大
3962660036941700,3962709232057160,5632113117,1460266966,0,1,0,……,17,273,81,哥哥哥哥斯拉啊,,f,13,2,,,-1,河北 唐山
3962660036941700,3962712012354980,2148388190,1460267630,0,0,0,转发微博,71,745,305,晕开的葡萄,酿成芳香再醒来,f,61,1,,,-1,陕西 西安
3962660036941700,3962712336149770,2341293984,1460267707,0,0,0,清真？油焖[偷笑],418,1645,260,啊千千千千千,,f,42,1,,,220,湖北 武汉
3962665468556860,3962712843442140,1689739091,1460267827,0,0,0,[笑cry],2023,18266,392,团纸_我怎么就管不住我这手呢,话唠狗 慎FO 取关随意,f,42,1,,,220,湖北 武汉
3962677242464450,3962712960727420,1738079943,1460267856,0,0,0,,99,517,115,阿丶炜,,m,42,1,,,-1,湖北 武汉
3962668626818880,3962714747299400,5530449723,1460268282,0,0,0,哈哈哈,19,8,39,罗_啊,,f,42,1,,,-1,湖北 武汉
3962660036941700,3962715132721820,1238786432,1460268374,0,0,0,@不食桑葚的鸠,198,310,172,阿立夏Alicia,"我也只是一颗星星。To work, To love.",f,44,1,,,-1,广东 广州
3962660036941700,3962717759169000,2037689157,1460269000,0,0,0,又要吃虾了,89,3582,289,消失的雪不见了,典型的巨蟹座,f,42,1,,,-1,湖北 武汉
3962661731672440,3962717931286780,2432054153,1460269041,2,1,1,233333,3883,1968,438,武汉大学电视台,武汉大学电视台创建于1992年，是隶属于武汉大学党委宣传部的四大校园媒体之一。我们有经验丰富的老师，精良齐全的设备，合理宽松的制度!,f,42,1,1,武汉大学电视台官方微博,4,湖北 武汉
3962660036941700,3962718673849560,1712693685,1460269218,0,0,0,转发微博,652,5974,215,馒头二狗子星巴克,喵星人大战猫奴ing～,f,42,1,,,220,湖北 武汉
3962661672477220,3962724394949490,5371557642,1460270582,0,0,0,hhhhhhhhh,25,186,110,n艺茯,我是世界上的另一个自己,f,11,1000,,,-1,北京
3962661672477220,3962727343255690,3179788564,1460271284,0,0,0,我喜欢蒜蓉的,89,136,85,24K纯爷们儿BEST,,m,42,1,,,-1,湖北 武汉
3962717931286780,3962727829405050,1978710202,1460271400,0,0,0,一毛一样[笑cry],95,1122,761,神经病不能好好活,人的一切痛苦本质上都是对自己的无能的愤怒。,m,42,1,,,-1,湖北 武汉
3962660036941700,3962729897029420,3910838772,1460271894,0,0,0,0.o,85,7240,133,NatsumeDL,0.o,m,61,1,,,-1,陕西 西安
3962662024901320,3962730749012230,1706840040,1460272097,0,0,2,哈哈哈哈@不吃樱桃的小丸子就是我,983,12660,436,杨小邪娘子,湖经 经济学系 爱好 橡皮章 轮滑 动漫 无节操视频制作 PS 摄影飘~未进化完全 表面无害事实无害,f,42,1000,,,220,湖北
3962661672477220,3962731045910900,2884060820,1460272168,0,0,0,这个即视感，棒棒哒,44,108,188,Vicky佳佳佳,,f,13,6,,,-1,河北 保定
3962717931286780,3962732196369580,1739293701,1460272442,0,0,0,饿了,311,3374,908,WatabataW,SSY---> WHU--->NTU --->Buzzcity,m,400,11,,,-1,海外 新加坡
3962660036941700,3962732435055630,2576016962,1460272499,0,0,0,[笑cry],138,958,145,__不悲不喜不娇气,,f,45,1,,,-1,广西 南宁
3962661672477220,3962736524704410,1949747497,1460273474,0,0,0,[哈哈][哈哈][哈哈][哈哈],1182,22535,482,雪莉耗子,懒死了的小老鼠~sohu美容的耗子,f,44,3,,,220,广东 深圳
3962677242464450,3962737950247340,2061193494,1460273814,0,0,0,#武汉马拉松# →_→[哈哈][哈哈],136,889,56,豆芽菜ZY,连我都懂不了的我,f,42,1,,,-1,湖北 武汉
3962660036941700,3962740085760600,1878829953,1460274323,0,0,0,转发微博,22,41,31,超极大大大表哥,粗缯大布裹生涯，腹有诗书气自华。,m,42,1000,,,-1,湖北
3962688138650370,3962740370369960,1243510342,1460274391,0,0,0,??,49,268,63,卿清瑞心,,f,51,1,,,-1,四川 成都
3962688138650370,3962741859746700,1923088883,1460274746,0,0,0,,105,786,95,andih灶灶,幸福 需要等待,m,42,1,,,-1,湖北 武汉
3962660036941700,3962743368924940,5844574059,1460275105,0,0,0,转发微博,3,78,196,suksion27,Far away love,f,42,1,,,-1,湖北 武汉
3962687040029580,3962744862786840,1898345474,1460275462,0,0,0,wuhhhhh,128,3172,289,魍魉飨飧真的想养猫,不想让自己看起来像计科狗的未来程序猿，负能量间歇泉，普通2次元爱好者，对yoo，futa，t有特殊兴趣，爱猫，梦想“春日宴，绿酒一杯歌一遍。”,m,42,1,,,220,湖北 武汉
3962661211594040,3962744992926560,1389226880,1460275492,0,0,0,,5262,43501,1513,熊辉Leo,“I guess it comes down to a simple choice: get busy living or get busy dying.” 坚持，忍耐是内心升华的基石！~　　,m,42,1,,,220,湖北 武汉
3962662024901320,3962745336558390,2585494771,1460275575,0,0,0,,31,303,153,武汉-八哥,柒扯叭啦长久发达,m,42,1,,,-1,湖北 武汉
3962662024901320,3962745659540510,2236443923,1460275652,0,0,0,,66,3292,242,萌猫冰薇丶,,f,100,1000,,,-1,其他
3962672603194380,3962748343842610,1866217827,1460276292,0,0,0,哈哈哈哈哈哈哈哈哈哈哈哈哈,413,2530,81,西马棚老大,Life is good?,f,31,1000,,,-1,上海
3962660036941700,3962749027133090,2598672857,1460276455,0,0,0,[喵喵][喵喵][喵喵],289,926,169,Newlywin,要读书，要健身；一边养内，一边塑外；内养丰富了自己，外养养眼了别人。,f,33,1,,,-1,浙江 杭州
3962660036941700,3962750436602520,1875999505,1460276791,0,0,0,转发微博,950,1769,306,sunsunsunJ-,,f,42,1,,,-1,湖北 武汉
3962678135341360,3962752450028630,1739767405,1460277271,0,0,0,麻辣小龙虾,247,75,563,简夏呀,时间能告诉你所有答案,f,42,1,,,220,湖北 武汉
3962688138650370,3962757457859220,5540558242,1460278465,0,0,0,,14,24,114,刘梦丽King,你学会了敷衍，我学会了牵强。,f,42,1,,,-1,湖北 武汉
3962677242464450,3962762981823580,3198242722,1460279782,0,0,0,额(⊙o⊙)…,152,368,160,矮丽丝A,离群索居者，不为野兽，便是神灵,f,42,1,,,-1,湖北 武汉
3962660036941700,3962767364975880,1339626347,1460280827,0,0,0,今天去中南医院那里看的，看到运动员跑过双湖桥，往东湖南路那里跑，那几个黑人运动员抱团跑得好快啊[哈哈],385,7417,83,小柯721,走势，如同听一朵花的开放，见一朵花的芬芳，嗅一朵花的美丽，一切都在当下中灿烂～～,f,42,1,,,-1,湖北 武汉
3962677242464450,3962767541028610,5724764878,1460280868,0,0,0,,32,352,38,WHUT科硕1507,,m,42,1,,,-1,湖北 武汉
3962660036941700,3962778655969590,1785877783,1460283519,0,2,2,[偷笑][偷笑][偷笑]我就是那上面的葱花,276,7492,734,Shevvy,私はとても猫が好きです。每个人心里都有一个好孩子和一个小坏蛋。,f,42,1,,,220,湖北 武汉
3962680065257040,3962779319006590,3829768862,1460283676,0,0,0,[喵喵][喵喵][喵喵],27,84,96,井十三,不逗比不舒服斯基,m,31,14,,,-1,上海 嘉定区
3962660036941700,3962779696072380,3183981092,1460283766,0,0,0,[笑cry],52,105,144,从零开始呐,给时间时间，让过去过去。,m,35,5,,,-1,福建 泉州
3962660036941700,3962779792373930,5155236096,1460283790,0,0,0,转发微博,5,51,63,yongwit,不怒而威。。。,m,46,1,,,-1,海南 海口
3962660036941700,3962780417647370,1534687493,1460283939,0,0,0,狠狠地抽着烟熏三文鱼刺身船儿轻轻按摩至吸收………………,471228,12413,119,玩PLAY我呸啧啧啧OOooOO,坚定自己 态度么么baby一切都是最好的安排上天的安排！！喵了个咪地 小妹妹我坐船头哥哥你在岸上走哈哈哈哈哈哈哈哈哈哈哈哈哈笑哈哈???????,f,13,5,,,-1,河北 邢台
3962660036941700,3962780455152190,1866260090,1460283948,0,0,0,哈哈哈,418,2505,250,bnmwci,休假中,f,42,1,,,-1,湖北 武汉
3962660036941700,3962780492933730,5887204884,1460283957,0,1,0,转发微博,5,10,42,Wuli-bigblueeyes,,m,100,1000,,,-1,其他
3962660036941700,3962781659818050,1364004932,1460284235,0,0,0,[哈哈],353,312,208,远环,WiFi音箱/蓝牙音箱、多媒体音箱,m,44,3,,,-1,广东 深圳
3962660036941700,3962781893998510,5038906238,1460284291,0,0,0,?? ?? ?? ??,28,294,138,耿直boy麽,不想梳顺毛的私人摄影师,m,23,6,,,-1,黑龙江 大庆
3962660036941700,3962782498389840,1955043457,1460284435,0,1,3,哈哈哈哈哈哈笑cry@尹俊雄Kenny,1981,4043,631,皮卡丘是实习医,不忘初心 不畏艰险 医学生 在路上,m,31,15,,,220,上海 浦东新区
3962660036941700,3962784481805650,1772143254,1460284908,0,1,0,哈哈哈。。。。。,725,1137,258,洛澜的窝,,m,42,1000,1,新浪原创作者，代表作品《总裁的豪门新欢：抵死缠绵》,0,湖北
3962660036941700,3962785543461330,2323289560,1460285161,0,1,2,哈哈哈哈哈哈哈，特么，有毒！！ @考拉喜欢凯喵  @小公子是你呀 ,254,17511,257,海贼Karry王,天行健，君子以自强不息；地势坤，君子以厚德载物。。,f,50,1000,,,-1,重庆
3962660036941700,3962785669333950,5013667099,1460285191,0,0,0,转发微博,18,18,221,ABC1235013667099,自己还在读书，,m,45,21,,,-1,广西 南宁
3962677242464450,3962786507669620,1840797424,1460285390,0,0,0,形象！,593,16646,169,爱在21世纪_,,f,42,1,,,220,湖北 武汉
3962660036941700,3962786784199880,1240415480,1460285457,0,0,0,噗,1457,66672,415,月影公主2006,蒂尔哈尼代理HY分销,f,11,5,,,-1,北京 朝阳区
3962660036941700,3962787174044780,1690082811,1460285550,0,0,0,[笑cry],281,2583,314,VivOo,,f,400,1000,,,220,海外
3962660036941700,3962789599114060,5580452405,1460286127,0,0,0,油焖大虾哈哈??如果我在武汉，我想我也会参加的哈哈，尽管跑不快[doge],37,46,76,我愿丶从来不曾见过你,,m,100,1000,,,-1,其他
3962660036941700,3962789632873270,1851292314,1460286136,0,0,0,哈哈哈哈,308,3892,211,sophie要找回斗志,,f,42,1,,,-1,湖北 武汉
3962660036941700,3962789993705030,1843799255,1460286221,0,0,0,转发微博,896,8179,290,穿方形裤子的海绵宝宝,The most precious possession that ever comes to a man in this world is a woman's heart.,f,21,1000,,,220,辽宁
3962660036941700,3962791226762430,2782406002,1460286516,0,0,0,转发微博,211,400,297,文泽木公,风雨兼程,m,42,10,,,220,湖北 荆州
3962660036941700,3962792162038470,2342318635,1460286739,0,0,0,想吃[色],145,2026,294,我在微笑行走,寂寞时光里，欢场他人戏。,f,42,1,,,-1,湖北 武汉
3962660036941700,3962793353505630,1777297617,1460287023,0,0,0,太像了[嘻嘻],1036,2543,1043,雨天有彩虹,,f,42,1,,,-1,湖北 武汉
3962660036941700,3962793563197650,2725583815,1460287073,0,0,0,恩,38,52,22,没有名字想不起来,,f,100,1000,,,-1,其他
3962660036941700,3962794091328160,2714051901,1460287198,0,0,0,转发微博,964,10774,1585,安璐莉娃,我们的存在就是奇迹.....,f,81,1000,,,-1,香港
3962660036941700,3962794296804740,1767057683,1460287248,0,0,0,[哈哈][good],625,432,491,金水要坦然视之,,f,400,1,,,220,海外 美国
3962660036941700,3962794371989330,5320957712,1460287266,0,0,0,哈哈哈哈哈哈哈哈哈幸好没去??,1836,1564,224,木工杠,尚雯婕【2013-】/ ??【2014-】,f,42,1000,,,-1,湖北
3962661672477220,3962794997419310,2712005211,1460287415,0,0,0,[笑cry],384,15677,667,邱邱BIGBANGKOBE,BIGBANG,f,42,1,,,220,湖北 武汉
3962660036941700,3962796712812930,2900353520,1460287824,0,1,0,[哈哈][哈哈][哈哈]哈～哈～哈～,503,850,279,李Camille,喜欢自由转换的调皮妞????????,f,42,1,,,-1,湖北 武汉
3962660036941700,3962797765676720,3167521427,1460288075,0,0,0,[发红包啦],1061,191,364,Sun向上1314,一颗爱你的心，时时刻刻为你转不停,m,42,6,,,-1,湖北 襄阳
3962660036941700,3962798020953100,2182912421,1460288136,0,0,0,小龙虾 哈哈,265,2281,96,-流水浮萍-,岁月流长，烟雨风霜。 悲欢流浪，猝不及防。,f,37,13,,,-1,山东 临沂
3962660036941700,3962798641813070,1953429175,1460288284,0,1,0,hhhhhh…,234,15,77,胡馨727,以梦为马,f,42,1,,,-1,湖北 武汉
3962660036941700,3962799443289010,2119716481,1460288474,0,0,0,[嘻嘻],49,186,236,IRIS田89,倔 任性 r而⒚ r而敏感,f,42,13,,,-1,湖北 随州
3962660036941700,3962799959039730,1624621924,1460288597,0,0,0,哈哈哈，笑死啦~,139,99,243,Wuli_Amanda,巧合是上帝保持匿名的方式。,f,42,1,,,-1,湖北 武汉
3962668626818880,3962801490030270,2737456690,1460288963,0,0,0,,276,1201,402,CallMeFiFiAn,喜欢就会放肆，但是爱就会克制。,f,100,1000,,,-1,其他
3962660036941700,3962802550904680,1931058754,1460289215,0,1,0,转发微博,1175,4601,750,路婉君r,择一城而终老，遇一人而白首,f,42,5,,,220,湖北 宜昌
3962660036941700,3962804966743750,3304654465,1460289792,0,0,0,[笑cry][笑cry][笑cry][笑cry]欲罢不能…,430,750,261,冬雪暖阳阳,时光静好，与君语；细水流年，与君同;；繁华落尽，与君老。,f,400,11,,,220,海外 新加坡
3962660036941700,3962805159830240,3854816852,1460289837,0,0,0,转发微博,90,2796,92,朕忘记大明湖畔了,我就是自己的太阳！,f,64,1,,,-1,宁夏 银川
3962660036941700,3962805184820640,2937566703,1460289844,0,1,0,赢了[doge][doge],159,2079,358,L--zpy--1,一个寻找天空的女孩?_?,f,13,1,,,-1,河北 石家庄
3962660036941700,3962805776626510,5705173720,1460289985,0,0,0,没毛病～,48,297,136,卢昌信dd,上学中的学生……,m,23,1,,,-1,黑龙江 哈尔滨
3962660036941700,3962806225824550,1712857157,1460290091,0,1,0,大景有点这个感觉……,758,867,315,主持人白杨,原宜昌电视台主持人、编导，现黄石电视台节目主持人。,m,42,1,1,宜昌三峡电视台移动频道主持人杨园,0,湖北 武汉
3962660036941700,3962807185421690,2436527333,1460290320,0,0,1,[笑cry][笑cry][笑cry],236,6190,80,寒沁love夏,,f,44,3,,,-1,广东 深圳
3962660036941700,3962807462258620,5890926164,1460290387,0,0,0,转发微博,3,38,68,思_思_大小姐鞠盼柳,,f,33,3,,,-1,浙江 温州
3962660036941700,3962808943166920,2640517960,1460290740,0,1,1,哈哈哈哈哈,5190,1286,393,多肉的温柔女子,面向太阳 让笑容迎接新一年的晨光！,f,42,1,,,-1,湖北 武汉
3962660036941700,3962809081670960,2462708892,1460290773,0,0,0,哈哈哈哈～,356,6,321,拖延症少女的自我救赎,,f,44,1,,,-1,广东 广州
3962661672477220,3962809127320740,1532925600,1460290784,0,0,0,突然好想吃油焖大虾了[悲伤],454,3865,515,逸豪爱摄影,一段胶片定格一往回忆,m,65,1,,,220,新疆 乌鲁木齐
3962660036941700,3962809157482520,1732440831,1460290791,0,0,0,转发微博,3002,42934,988,suki永远爱皇马,"90后suki，美人帮，钟爱Gillian，皇马，爱x factor,1D粉，Taylover,笔亲，TVB和美剧控，欧美音乐狂热分子！经常刷屏慎加关注！",f,42,1,,,220,湖北 武汉
3962660036941700,3962809815127170,5285931382,1460290948,0,0,0,转发微博,3,49,126,music比毒品更上瘾,,m,42,11,,,-1,湖北 黄冈
3962660036941700,3962811384277990,1912543237,1460291322,0,0,0,[哈哈],1531,33,94,XunSeven,,m,42,1,,,220,湖北 武汉
3962660036941700,3962812084695470,5117022976,1460291489,0,0,0,转发微博,1571,3131,89,润一江公园置尚,商圈核・公园里・轻轨上，龙头寺核心，全资源生活中心-润一江公园置尚 。热线：023-67086868,f,50,1000,1,重庆中关村实业发展有限责任公司,2,重庆
3962660036941700,3962816446493270,2163229042,1460292529,0,0,0,哈哈哈哈哈哈哈,103,1868,223,马脸-P,倒吊者,m,100,1000,,,-1,其他
3962660036941700,3962816514168390,5654221856,1460292545,0,0,0,转发微博,46,410,377,伤心云雨WHL,,m,42,1,,,-1,湖北 武汉
3962660036941700,3962817134245510,2500317390,1460292693,0,0,0,[笑cry],114,274,116,粥伯伯,n 深深的话要浅浅地说n,m,42,2,,,-1,湖北 黄石
3962660036941700,3962819001362190,3209432357,1460293138,0,0,0,转发微博,33,1218,108,苏雅and诺儿,情不知所起，一往而深；恨不知所踪，一笑而泯！,f,42,1,,,-1,湖北 武汉
3962660036941700,3962819563106960,2646774112,1460293272,0,0,0,[哈哈],500,251,530,水榭芳菲,,f,42,1000,,,-1,湖北
3962660036941700,3962819584589660,5613413670,1460293277,0,0,0,[笑cry][笑cry]密集恐惧症,15,115,77,摸鱼划水的vv,爬坑中,m,42,1,,,-1,湖北 武汉
3962660036941700,3962821161139840,2497825394,1460293653,0,0,0,[哈哈][哈哈][哈哈],89,472,86,未Scientist,Is life always this hard.or is it just when you’re a kid? Always like this！,m,42,1,,,-1,湖北 武汉
3962660036941700,3962821534566670,5591001138,1460293742,0,0,0,转发微博,8,1248,123,卖火柴的Silence_宅,Sakata Gintoki is my love,f,33,1,,,-1,浙江 杭州
3962660036941700,3962822209874910,3135238847,1460293902,0,0,0,话说武汉又快到了吃虾子的季节了[笑哈哈][笑哈哈][笑哈哈],231,925,204,胖达小番茄Pantato,笑点低泪点低的小白胖子一枚??,f,42,1,,,-1,湖北 武汉
3962660036941700,3962822314386080,3224692777,1460293928,0,0,0,转发微博,25,363,109,ouyangzihan0727,,f,44,3,,,-1,广东 深圳
3962660036941700,3962823136642550,3201010264,1460294123,0,0,0,转发微博,65,6730,833,北冽鲸涛_一举鲸涛快哉风,,m,42,1,,,-1,湖北 武汉
3962660036941700,3962824562702460,2146513632,1460294464,0,0,0,哈哈??,338,1153,377,山有木兮shen,风的柔，山知道,m,42,1,,,220,湖北 武汉
3962660036941700,3962824809836210,1915612194,1460294523,0,0,0,[哈哈][哈哈],165,1317,247,柠檬的味道儿,一个人的心态和作为，决定着他将位于那个层次！,f,42,1,,,-1,湖北 武汉
3962660036941700,3962825137726360,5251245454,1460294600,0,0,0,??????,19,27,332,ZLZZXK婧,,f,42,1,,,-1,湖北 武汉
3962660036941700,3962825167122710,2733767171,1460294607,0,0,2,[哈哈][哈哈][哈哈],89,104,100,爱着小怪兽的奥特曼,,m,42,12,,,-1,湖北 咸宁
3962660036941700,3962827268344610,2772612533,1460295109,0,1,2,作图乍一看还以为是大虾。,370,2741,369,庄欢Sunshine,─┼─若不坚强，软弱给谁看！！！！,f,42,5,,,220,湖北 宜昌
3962660036941700,3962828291878540,1431240593,1460295353,1,0,0,[思考],10812,35646,1891,掀髯一笑V,选稿约稿 yanhuiwen100@vip.163.com VIP邮箱可发传真哦。微信号：whyanhuiwen 爱美文，爱美字，爱美景。亲们，粉我、艾特我，私信我，有以教我！,m,42,1,,,-1,湖北 武汉
3962660036941700,3962828690310860,5304975985,1460295448,0,0,0,哈哈哈哈哈好想吃[偷笑][偷笑],372,779,264,济南大学泉城学院团委,济南大学泉城学院团委,m,37,6,1,共青团济南大学泉城学院委员会官方微博,4,山东 烟台
3962660036941700,3962829248359230,2690840871,1460295580,0,1,0,转发微博,316,2193,208,Suk__Flower,〖脑残级二硕粉〗&『常驻巫婆成员』&［碎碎念超级多〕●n●关注需谨慎~(^???^)不喜取关～,f,42,1,,,220,湖北 武汉
3962660036941700,3962829952146730,3626564622,1460295749,0,0,0,妈呀，一盘大闸蟹,117,92,499,小丸子之春暖花开,射手座的女生,f,14,1000,,,-1,山西
3962660036941700,3962833039819440,2387173615,1460296484,0,0,0,[偷笑][偷笑]@狗爪踩过 @frejayan @得不到的安然 @Smile_晶小晶,190,3835,102,30度de深蓝阳光,一哭，睁眼，看不出；一笑，闭眼，不需要......,m,100,1000,,,-1,其他
3962660036941700,3962833291565140,5774275659,1460296545,0,0,1,尴尬@佳慧CHING,70,173,225,#NAME?,*       我要做一个有骨气，有出息的女子  。,f,42,1000,,,-1,湖北
3962660036941700,3962834976982740,3480973060,1460296947,0,0,0,的确像,17,163,38,聚石头,,m,42,1,,,-1,湖北 武汉
3962660036941700,3962835765059030,1159683360,1460297135,0,0,0,[笑cry][笑cry],1032,5646,662,木马爱生活转圈圈,有一种积极向上态度永远都不会让自己陷入困境…,m,42,5,1,宜昌市意雅暖通节能设备有限公司  副总经理,0,湖北 宜昌
3962660036941700,3962838177193060,2290202554,1460297710,0,1,0,[色],72,92,127,Crystal--lly,总是希望被理解，却又害怕被看穿。,f,42,1,,,-1,湖北 武汉
3962660036941700,3962838429419820,2111149912,1460297770,0,0,0,转发微博,157,8003,159,丢不掉的思念灬,,m,42,7,,,-1,湖北 鄂州
3962660036941700,3962838810679000,2389858515,1460297860,0,1,0,快到碗里来,44,106,145,喜欢你的音调,hello.everybody.,m,42,1,,,-1,湖北 武汉
3962660036941700,3962839620400180,1435459472,1460298053,0,2,1,哈哈好可爱[doge],888,559,304,黄奕日A,,f,42,1,,,-1,湖北 武汉
3962660036941700,3962839834620790,3030450950,1460298105,0,0,0,转发微博,106,103,116,幸福晓阳_244紫卫,,m,400,16,1,天天科技有限公司总经理,0,海外 其他
3962660036941700,3962843117676760,1885909274,1460298888,0,0,0,转发微博,1095,1156,521,妮可可张,"objective, but politically correct",f,11,5,1,前 美国中文电视台记者张立,0,北京 朝阳区
3962660036941700,3962846607749270,2727108997,1460299720,0,0,2,特别像,26,616,84,DreamyJohn,,m,42,1,,,-1,湖北 武汉
3962660036941700,3962848331424930,5695503580,1460300131,0,0,0,转发微博,3,136,78,用户5695503580,,f,42,5,,,-1,湖北 宜昌
3962660036941700,3962849292922810,3874557491,1460300360,0,0,0,真的好像[哈哈],82,611,317,太阳花好happy,,f,100,1000,,,-1,其他
3962660036941700,3962851545123290,3821871128,1460300897,0,0,0,如果是大热天简直就是蒸龙虾[哈哈],116,75,152,Orson_CM,要有多美、多少才华附体、多少物质与精神额度，才能有足够的勇气去爱，有足够的胆量承担不被爱。,f,31,15,,,-1,上海 浦东新区
3962660036941700,3962852853375260,1932315915,1460301209,2,0,0,哈哈哈哈,776,4083,723,冰儿宝贝是香橙,店铺http://shop104039538.taobao.com/?spm=0.0.0.0.GSuVEp&v=1,f,37,10,,,220,山东 威海
3962680429481150,3962855097613500,1223594120,1460301744,0,0,0,今年的虾已经上市了[偷笑],139,4973,525,蓝三紫七_南南的娘,相濡以沫，不如相忘于江湖,f,42,1,,,220,湖北 武汉
3962660036941700,3962855692525580,3585474904,1460301886,0,0,0,吃小龙虾的季节快要到了，赶紧约起来。。[馋嘴][馋嘴][馋嘴],131,351,290,独钓寒江雪cxq,勿忘初心，方得始终。,f,21,6,,,-1,辽宁 丹东
3962852853375260,3962855994578440,1648599921,1460301957,1,0,0,有理有据！,1655,27331,1437,苏诺糯糯糯,? CN苏诺|? 白夜歌行现役CV|? 女声男优转攻期待中|? 不脱团星人|? 圆脸软妹爱好者|? 大吃货帝国万岁|? 心理咨询暂停营业,m,35,1,,,220,福建 福州
3962855994578440,3962857093754180,2077557503,1460302219,0,0,0,哈哈哈哈哈哈,634,5903,509,席铁路,南京艺术学院14级影视摄影与制作,f,35,1,,,220,福建 福州
3962660036941700,3962858330938860,3858585524,1460302515,0,0,0,[哈哈],27,270,143,六勺糖的咖啡,,m,100,1000,,,-1,其他
3962660036941700,3962859777602260,3030134663,1460302860,0,0,0,哈哈哈哈哈,1272,1840,196,跳海自杀的_鱼,"爱就是当小狗舔你脸的时候即使你一天没理它.",f,15,1,,,220,内蒙古 呼和浩特
3962660036941700,3962860461505540,1868802301,1460303023,0,2,0,hhhh,185,753,237,DC菌,这里是DC菌忒斯c（?＿?；)ノ虎牙不定期开直播哦，虎牙搜索DC菌就可以辣（?ò ? ó?）,m,42,1,,,-1,湖北 武汉
3962677242464450,3962865948245140,1749028935,1460304331,0,0,0,@四合一组组员爪BOBO,598,10143,513,不吐槽会死星人夜h,自家网店，主营：橡皮章&周边商品http://qiangjiaodedian.taobao.com,f,44,1,,,220,广东 广州
3962660036941700,3962869931969590,5085140230,1460305282,0,0,0,转发微博,499,1554,423,www似飘锅锅,我比较简单，愿意和我交朋友的就交，我不会巴结任何人，我觉得在爱情里，没有谁输谁赢，爱就是信任，包容，责任，记住比你好的人很多很多，要知足。,f,42,6,,,-1,湖北 襄阳
3962660036941700,3962871069702710,1771091922,1460305552,0,0,0,哈哈哈！,2284,2644,820,水夜子,已出版《倾国红妆》《斗破皇城》《千里姻缘，求你成全》《雪芒》。,f,42,1,1,网络写手水夜子，作品有《倾国红妆》《斗破皇城》等,0,湖北 武汉
3962660036941700,3962873904770860,5533400154,1460306228,0,0,0,转发微博,70,97,67,硅儇,小时候有仨大偶像！一雷峰！二张海迪！三小兵张嘎！简称“雷迪嘎嘎”！,f,44,5,,,-1,广东 汕头
3962660036941700,3962874005491290,2633022052,1460306251,0,0,0,小编是吃货吗～～～,2528,1116,704,仗剑走天涯_wwj,人面不知何处去，桃花依旧笑春风。,m,44,3,1,编辑，记者 初级 中学教师 微博社区委员会委员,0,广东 深圳
3962660036941700,3962875293072970,1962624921,1460306559,0,1,0,[doge][doge],350,8482,213,邂逅明熹,嗯，做一个懂事的姑娘,f,400,1000,,,-1,海外
3962660036941700,3962880988753340,5876565760,1460307917,0,0,0,转发微博,7,105,76,彩色云LOVE,,f,37,2,,,-1,山东 青岛
3962660036941700,3962903742369180,5601561763,1460313342,0,0,0,转发微博,9,258,66,豌豆nikki,,f,42,1000,,,-1,湖北
3962660036941700,3962954020139000,2736366707,1460325329,0,1,0,又到了吃虾的季节,52,108,106,铜豌豆zjw,,m,42,1,,,-1,湖北 武汉
3962660036941700,3962970817861510,1587633023,1460329334,0,0,0,@秋月如画1991 @马小晶菇凉,23,463,101,阿米0327,,f,37,6,,,-1,山东 烟台
3962660036941700,3962972822592340,1657671602,1460329812,2,0,1,[哈哈][哈哈][哈哈][哈哈],641,3056,269,透明健CMY,努力做一个积极、豁达、勇敢、睿智的人。,f,42,2,,,220,湖北 黄石
3962828291878540,3962975985418690,3118736403,1460330565,0,0,0,,21,29,162,古月长哥欠,.,m,42,1,,,-1,湖北 武汉
3962660036941700,3962978397521860,2796958983,1460331141,0,0,0,转发微博,175,995,345,安Y丽,,f,33,2,,,-1,浙江 宁波
3962660036941700,3962985489906080,1698331195,1460332832,0,0,0,[笑cry][笑cry],552,2291,441,文气又文艺的小璇子,带有浓重的神秘色彩……,f,41,1,,,220,河南 郑州
3962660036941700,3962985582466430,5255402457,1460332854,0,0,0,转发微博,15,107,232,转身是故事的注定,,f,100,1000,,,-1,其他
3962660036941700,3962987540499130,1963909012,1460333321,0,0,0,哈哈哈,12,39,66,beado,,f,11,8,,,-1,北京 海淀区
3962660036941700,3962990497666840,3146608360,1460334026,0,0,1,@dingruiqi- [哈哈],252,548,752,黄轶文-MUFC,虎扑足球专栏作者,m,42,1,,,-1,湖北 武汉
3962660036941700,3962990984815920,2047412840,1460334142,0,0,0,[doge],307,2604,209,tony可拉斯克,心藏福祉，手牵喜乐、,m,42,10,,,220,湖北 荆州
3962661820054460,3962991420728610,3529448163,1460334245,0,0,0,[哈哈],67,402,500,sunny琛瑞,Don't leave me alone,m,42,1,,,-1,湖北 武汉
3962660036941700,3962993114725330,1308290702,1460334650,0,0,0,[笑cry],26,306,111,irouroujushou,,f,42,1,,,-1,湖北 武汉
3962660036941700,3962994671536050,5760824693,1460335021,0,0,0,转发微博,33,1143,212,小小的石头在灰,,m,42,28,,,-1,湖北 恩施土家族苗族自治州
3962660036941700,3962994830501660,2289026243,1460335059,0,0,0,哈哈哈哈哈,299,3473,180,旧拾月色,世事一场冰雪，花间几度红棂。,m,42,1,,,-1,湖北 武汉
3962660036941700,3962995065267120,1986924041,1460335115,0,4,0,[doge][doge]看饿了,69320,7578,423,荆门广播电视台,荆门广播电视台（集团）秉承“权威声音、百姓情怀”的理念，全力以赴为客户服务，致力于打造湖北中部核心影响力媒体，形成了广播、电视、报刊、网络、…,m,42,8,1,荆门广播电视台（集团）官方微博,3,湖北 荆门
3962661672477220,3962995631848520,3905276958,1460335250,0,0,0,,11,25,60,louqin离殇,,f,42,13,,,-1,湖北 随州
3962660036941700,3962998399479470,1768409527,1460335909,0,0,0,转发微博,126,2476,148,夏初whzz,,f,42,1,,,-1,湖北 武汉
3962660036941700,3963000337783770,3007480700,1460336372,0,0,0,这个像极了[笑cry][笑cry][笑cry],100,4003,475,等待寻回,,m,34,7,,,-1,安徽 铜陵
3962660036941700,3963002074539960,3178162190,1460336786,0,1,0,[笑cry][笑cry],1720,16545,673,霁夏惜雨,花开并蒂，云雨相依。霁夏/不定期种花家自干五/你所描绘的未来中，是否有我的存在呢？同样的天空，相同的思念，想要仰视就能看得见。,f,45,1,,,220,广西 南宁
3962660036941700,3963002544040220,5499804022,1460336898,0,0,0,哇塞，哈哈,52,1134,331,Vv落跑公主,,f,14,2,,,-1,山西 大同
3962660036941700,3963003449497230,5289179092,1460337113,0,0,0,#范冰冰领跑武汉马拉松#,25,179,138,宁缺毋滥__a,再矫情有何用，没人心疼，恶心的还是自己，晴O,f,32,5,,,-1,江苏 苏州
3962660036941700,3963003668209730,1819416672,1460337166,0,0,0,转发微博,838,33554,959,劢之雨湘,爱杰伦十一年了… 2012年2月关注张根硕。。。 星星控，，，2015凯凯王的迷妹一枚，2016Leo饭，刷屏很多怪我也没用。喜欢文学音乐影视画漫画,f,32,5,,,220,江苏 苏州
3962660036941700,3963012731837590,2955696412,1460339326,0,0,0,转发微博,108,1343,259,#NAME?,,m,42,1000,,,-1,湖北
3962660036941700,3963014082585960,5585164756,1460339649,0,0,0,转发微博,127,298,224,盗觉华尘,,m,100,1000,1,重庆市强旭通风设备有限公司文员,0,其他
3962660036941700,3963015462355940,5049120032,1460339978,0,0,0,醉醉的,41,76,217,福尔摩阿楠,new life is so amazing!,f,100,1000,,,-1,其他
3962660036941700,3963015471123980,3175309791,1460339980,1,0,0,哈哈哈哈哈哈真的好像小龙虾啊,1875,5362,552,林顾爱次鸡,/ 一 霎 风 雨 我 爱 过 你 / 几 度 雨 停 我 爱 自 己 /,m,36,1,,,-1,江西 南昌
3963015471123980,3963020688394210,5190584985,1460341224,0,0,0,想吃[泪],408,5955,391,半两璎珞粥,装逼在线......,m,33,10,,,-1,浙江 台州
3962660036941700,3963021493157940,1769315823,1460341417,0,0,0,怎么感觉像蟹子寿司??呢？,2703,1951,330,刘嘉明,@三耳工作室 k人兼谧髡撸耳C大家音酆谜摺…,m,44,3,,,-1,广东 深圳
3962660036941700,3963022333166890,2649297515,1460341616,0,0,0,转发微博,55,85,145,仍为黑白,,m,100,1000,,,-1,其他
3962660036941700,3963024895127060,5269404821,1460342227,0,0,0,好想来一波油焖大虾[馋嘴][馋嘴][馋嘴],56,122,43,小姐不好惹,离开我的就是路人，不管曾经多在乎,f,43,3,,,-1,湖南 湘潭
3962660036941700,3963025490370350,5241410049,1460342369,0,0,0,转发微博,33,760,240,Jinzhi强da帅哥,奕迅,m,37,5,,,-1,山东 东营
3962660036941700,3963026744786170,3946245245,1460342668,0,0,0,壮观,157,370,159,MMZP,永远不要让自己的生活 有规律 而无意义的死循环,m,42,1,,,-1,湖北 武汉
3962660036941700,3963028585860110,2718846342,1460343106,0,0,0,哈哈哈哈啊哈哈哈,784,489,266,丛林之步调yu,我会原谅，但不会忘记。――摩羯,f,46,2,,,-1,海南 三亚
3962972822592340,3963029320130220,1743073537,1460343282,0,0,0,,564,45279,164,aa0ws,见所卫健 湖水透明aa 铭记昌珉 快乐小饭,f,42,1,,,-1,湖北 武汉
3962972822592340,3963029408135700,1743073537,1460343302,0,0,0,小龙虾上市啦,564,45279,164,aa0ws,见所卫健 湖水透明aa 铭记昌珉 快乐小饭,f,42,1,,,-1,湖北 武汉
3962660036941700,3963031677961090,1044390600,1460343844,0,0,0,看饿了[笑cry][笑cry][笑cry],37136,1377,480,您的智商余额不足请及时充值,拐啦，拐啦,m,31,7,,,220,上海 普陀区
3962660036941700,3963031698715060,2458347034,1460343849,0,0,0,汉马就是不一般[哈哈][哈哈][哈哈][哈哈][哈哈],39828,9968,691,恩施旅游集团,在线咨询QQ：800021126 工作时间：08:30--17:30恩施大峡谷旅游景区门票170元/人恩施清江风景旅游区门票180元/人恩施唐崖土司・黄金洞风景名胜区门票140元/人,f,42,28,1,恩施旅游集团有限公司官方微博,2,湖北 恩施土家族苗族自治州
3962660036941700,3963033036206060,3904352175,1460344168,0,0,0,就知道吃[doge][doge]，油焖大虾[色][色][色][色],50,421,320,wsweiy,岂能尽如人意，但求无愧我心,m,42,1000,,,-1,湖北
3962660036941700,3963033095738390,3207721631,1460344182,0,0,0,会跑的小龙虾[色][色][色],2482,3194,356,大理大学大学生通讯社,记录你在理大的生活，在这里，看见你的青春。,m,53,29,1,大理学院大学生通讯社官方微博,4,云南 大理
3962660036941700,3963035503275680,3217852597,1460344756,0,0,0,哈哈,84,864,107,范二姑凉2,我要稳稳的幸福。,f,32,4,,,-1,江苏 常州
3962660036941700,3963035863386870,2715669611,1460344842,0,0,0,[笑cry],146,452,250,展家小猫爷丶,只要相信，就能无所畏惧？,f,42,1,,,-1,湖北 武汉
